Title,Author,Type,Static,Interactive
Bleach,3amDevil,NSFW,,https://cityoftheabyss.neocities.org/bleach/
City of the Abyss,3amDevil,NSFW,,https://cityoftheabyss.neocities.org
Mommy Academy,406_Whimsical_Spirit,NSFW,,https://mommyacademy.neocities.org/cyoa/
Petty Slights,6ixcyoa,NSFW,,https://6ix.neocities.org/petty/petty.html
Caged!,6ixcyoa,NSFW,,https://6ix.neocities.org/Caged/index.html
Colonial University of Mages,6ixcyoa,NSFW,,https://6ix.neocities.org/CUM/
Dominating the Multiverse,99thuiy,NSFW,,https://dominatingthemultiverse.neocities.org/
"Waifu Picker, Harem Builder",9mmshotgun,NSFW,,https://waifu-picker.neocities.org/
The Night Encounter,abadonna666,NSFW,,https://ktulhusolutions.neocities.org/wanton_cove/
For Honor,ABanneret,Choice,,https://nomenom.neocities.org/cyoa/
Fucking Monsters,Absol501st,NSFW,,https://absol501st.neocities.org/Fucking%20Monsters/
Pocket Monsters,Absol501st,NSFW,,https://absol501st.neocities.org/Pocket%20Monster/
Monster,Absol501st,NSFW,,https://absol501st.neocities.org/Monster/
A Wife's Reparations in the BNWO 2: Electric Boogaloo,Accurate_Gap,NSFW,,https://accurategap.neocities.org/BNWO2:Electric%20Boogaloo/
A Wife's Reparations in the Black New World Order,Accurate_Gap,NSFW,,https://accurategap.neocities.org/BNWO/
Ruined Reality,Accurate_Variety659,SFW,,https://av659.neocities.org/2)%20Ruined%20Reality/
The Deal,Accurate_Variety659,SFW,,https://av659.neocities.org/3)%20The%20Deal/
The Marked One,Accurate_Variety659,SFW,,https://av659.neocities.org/1)%20The%20Marked%20One/
Basic Genshin Impact,admiral_jinxie,NSFW,,https://admiraljinxie.neocities.org/
Destiny the Game,admiral_jinxie,NSFW,,https://admiral-jinxie.neocities.org/
Somno Sex Free Use,Adventurous-Gap2796,NSFW,,https://somnofreeuse.neocities.org/
Wardrobe Malfunction Hell,Adventurous-Gap2796,NSFW,,https://wardmalfhell.neocities.org/
Mad Scientist Predicament,Adventurous-Gap2796,NSFW,,https://owuuwov1.neocities.org/
Succubus,aerd2,NSFW,,https://daemonpath.neocities.org/nsfw/scyoa/index.html
Nightmare Factory,Aggravating-Gas1681,NSFW,,https://coldude.neocities.org/Factory/
Fucking Losers,Aggravating-Gas1681,NSFW,,https://coldude.neocities.org/FuckingLosers/
Bleach,ajax9999k,NSFW,,https://collecter.neocities.org/bleach/
Twi'lek slave,Akumakami64,NSFW,https://imgchest.com/p/bp45bo9n45l,https://aearara.neocities.org/Twi'lekSlave_Cyoa/
Alicorn King,Akumakami64,SFW,https://imgur.com/gallery/alicorn-king-cyoa-v1-by-u-akumakami64-from-reddit-makeyourchoice-community-uYFR6BU,https://moltencookiz.neocities.org/AlicornKing-Akumakami64/
Unconnected Oddities,Aldar,SFW,,https://aldarsluckcyoa.neocities.org/cyoas/unconnected%20oddities/
Elemental Mentality,Aldar,SFW,,https://aldarsluckcyoa.neocities.org/cyoas/elementality/
Fusion and Fission,Aldar,SFW,,https://aldarsluckcyoa.neocities.org/cyoas/fusion%20or%20fission/
I.S.E.K.A.I.,Aldar,SFW,,https://aldarsluckcyoa.neocities.org/cyoas/I.S.E.K.A.I./
Nullification,Aldar,SFW,,https://aldarsluckcyoa.neocities.org/cyoas/null/
Quality Of Lifestyle Meta,Aldar,SFW,,https://aldarsluckcyoa.neocities.org/cyoas/quality%20of%20lifestyle/
Technological Transdimensional Turbulence,Aldar,SFW,,https://aldarsluckcyoa.neocities.org/cyoas/tech/
Power of Gambling,Aldar,SFW,,https://aldarsluckcyoa.neocities.org/cyoas/luck/index.html
Nascent Godling,Aldricheaterofbread,SFW,,https://eldritcheater.neocities.org/Nascent%20Godling/
Yang It Up!,Aldricheaterofbread,SFW,,https://eldritcheater.neocities.org/Yang%20It!/
Symbiote,Aldricheaterofbread,SFW,https://imgur.com/a/M4qFF,https://eldritcheater.neocities.org/Symbiote%20ICYOA/
Crossdimensional Harem Mod,Aldricheaterofbread,NSFW,,https://eldritcheater.neocities.org/
Animal Crossing - Lewd Horizons,Alive_Armadillo6707,NSFW,,https://alive-armadillo6707.neocities.org/
Tauren Migration Initiative,allthebara,NSFW,,https://allthebara.neocities.org/CYOAS/TaurenColonizationInitiativeV3/
Fairy Tail Lewds,Alonestarfish,NSFW,,https://fairytaillewdscyoa.neocities.org
Elden Ring: Sluts of the Erdtree,AltCYOA,NSFW,,https://altcyoaeldenring.neocities.org/
Femme Doll Order Form,amazingkittens,NSFW,,https://amazingkittehn.neocities.org/CYOAs/femme_doll/
World Meta,amon_Angel-of-Time,SFW,,https://yellow-king-projects.neocities.org/cyoas/World-MetaCyoa.html/
Wandering Inn,annoyingracoon,SFW,,https://voxelmoon.neocities.org/cyoa/
"Surprise, You're a Superheroine",AnonyAccountess,NSFW,https://imgchest.com/p/wl7lkvavx4x,https://thinkofthepixels.neocities.org/
Divine,Anonymous,SFW,,https://admiraljinxie1.neocities.org/
Escape From Monster Girl Paradise,Anonymous,NSFW,,https://icyoau.neocities.org/cyoa/escape-from-monster-girl-paradise/
Perfect Girl,Anonymous,NSFW,,https://perfectgirl-cwoa.neocities.org/
One Piece,Anonymous,NSFW,,https://onepieceinteractivecyoa.neocities.org/
Isekai Healslut,Anonymous,NSFW,https://imgur.com/a/bLXBPSf,https://godling-of-aliot.neocities.org/Healslut_V0.1/
A Short CYOA,Anonymous,NSFW,,https://short-cyoa.neocities.org
Pokemon Mystery Dungeon: Ultimate Erotic Team,Another-One_Again,NSFW,,https://zatrok.neocities.org/PokemonMysteryDungeon/
Sonic Universe,Any_Advantage5761,SFW,,https://stardustzx.neocities.org/Sonic%20Universe/
Dragonball,Apotheosis,SFW,https://imgchest.com/p/xny8xkq254b,https://om1cr0n.neocities.org/dragonballs/
Sanctum Striporum,Aquagirl2001,NSFW,,https://aquagirl01.neocities.org/striporum/
DC Animated Universe,Aquagirl2001,NSFW,,https://aquagirl2001.neocities.org/cyoas/dcnsfw/
Lost in Space,Aquagirl2001,NSFW,,https://aquagirl-2001.neocities.org/cyoa/space/
University Y2K,Aquagirl2001,NSFW,,https://aquagirl-2001.neocities.org/cyoa/y2k/
First Vampire,Aquagirl2001,NSFW,,https://aquagirl-01.neocities.org/cyoa/vamp
Glory of Rome,Aquagirl2001,NSFW,,https://aquagirl2001.neocities.org/cyoas/rome
It's the 80s,Aquagirl2001,NSFW,,https://aquagirl01.neocities.org/cyoas/eighties/
Build a Blade: A Xenoblade Chronicles 2,Arc473,SFW,,https://radioarc.neocities.org/cyoa/build%20a%20blade/
Chozo Power Suit,Arc473,SFW,,https://radioarc.neocities.org/cyoa/Chozo%20Power%20Suit/
Where We Used To Be,Arc473,SFW,,https://radioarc.neocities.org/cyoa/Where%20We%20Used%20To%20Be/
Worm V9: Simplicity is Key,Arc473,SFW,,https://radioarc.neocities.org/cyoa/Worm%20V9/
Song of Your Heart,Arc473,SFW,,https://radioarc.neocities.org/cyoa/SoYH/
Fire Emblem,Arc473,SFW,,https://radioarc.neocities.org/cyoa/Fire%20Emblem%20v2/
Futanari Succubus Wife,arthursummerwill,NSFW,,https://futanarisuccubuswife.neocities.org/
The Emperor's Harem,ASK_ME_A_STORY,NSFW,,https://islandsurvivalhentaiedition.neocities.org/Emperor%20Harem/index.html
Island Survival Hentai Edition,ASK_ME_A_STORY,NSFW,,https://infaera.neocities.org/cyoa/IslandSurvivalHentaiEdition/
Afterlife:Equestria,Azarius_Cor_Tenebrae,SFW,,https://voidhub.neocities.org/cyoas/Afterlife:Equestria/index.html
Build Your Own Vampire,Azes13,SFW,,https://laath.neocities.org/Build%20Your%20Own%20Vampire/
Your Life Is Over,Badendlish,NSFW,https://imgur.com/a/DPg0U,https://godling-of-aliot.neocities.org/Your_Life_is_Over/
Ouroboros,begi_otsuda,SFW,https://imgur.com/gallery/ME2w97w,https://begiotsuda.neocities.org/Ouroboros_CYOA/
Urban Phantom,begi_otsuda,SFW,https://imgur.com/a/9OHAvfJ,https://begiotsuda.neocities.org/Urban%20Phantom/
Maid to Change,Beginning-Remote8597,NSFW,,https://valravn.neocities.org/Cyoa/Maid%20to%20change/
Synthese's Journey,Bentusill,NSFW,,https://cyoamoar.neocities.org/FrierenCyoa/
New Elemental ,Beri,SFW,,https://beyondthefates.neocities.org/
Gifted,BeTheGirlAnon,SFW,,https://kronos998.neocities.org/Gifted/
Dark Magical Girl Yuri,BeTheGirlAnon,NSFW,https://imgchest.com/p/qe4glvo2kyj,https://friendofvultures.neocities.org/Dark_Magical_Girl_CYOA/
Parasitic Dreams,BeTheGirlAnon,,https://imgchest.com/p/bp45xj8x75l,https://breadcyoa.neocities.org/Parasitic%20Dreams/
Sealed,BeTheGirlAnon,NSFW,https://imgchest.com/p/lmd7omvdyp6,https://breadcyoa.neocities.org/Sealed/
Boobs Potion,BigDan_0,NSFW,,https://sylvysdev.neocities.org/MBCYOAV11/index.html
Boobs Potion Electric Boogaloo,BigDan_0,NSFW,,https://sylvysdev.neocities.org/MBCYOAv2/index.html
Skibidi Toilet,Book_wormer35,SFW,,https://bookwormer.neocities.org/cyoas/SkibidiToilet/
Jojo's Bizarre Adventure,Book_wormer35,SFW,,https://bookwormer.neocities.org/cyoas/JJBA/
2Click Feminization,Boop-Soop,NSFW,,https://boop-soop.neocities.org/CYOAS/2Click_Feminization/
Repurposed Heroes,Boop-Soop,NSFW,,https://boop-soop.neocities.org/CYOAS/RepurposedHeros/
Charm A Chichi,Boop-Soop,NSFW,,https://boop-soop.neocities.org/CYOAS/CharmAChichi/
Slutty Spectre,Boop-Soop,NSFW,,https://boop-soop.neocities.org/CYOAS/Slutty_Spectre/
The Purple Portal Of Fiction And F***ery,Boop-Soop,NSFW,,https://boop-soop.neocities.org/CYOAS/PurplePortalCYOAS/
Getting A Job In A Matriarchal World,Boop-Soop,NSFW,,https://boop-soop.neocities.org/CYOAS/GettingAJobInAMatriarchalWorld/
Assemble An Android,Boop-Soop,NSFW,,https://boop-soop.neocities.org/CYOAS/AssembleAnAndroidDBZ/
Build a Bulma,Boop-Soop,NSFW,,https://boop-soop.neocities.org/CYOAS/BuildABulma/
Sissy Malfunctions,Boop-Soop,NSFW,,https://boop-soop.neocities.org/CYOAS/Sissy_Malfunctions
2Click Story!,Boop-Soop,NSFW,,https://boop-soop.neocities.org/CYOAS/2CLICK/
Two Click Story: Fantasy edition!,Boop-Soop,NSFW,,https://boop-soop.neocities.org/CYOAS/TwoClickFantasy/
Two Click Story,Boop-Soop,NSFW,,https://boop-soop.neocities.org/CYOAS/2CLICK
Male on Futanari,bubo_virginianus,NSFW,,https://maleonfutav4.neocities.org/
Futa Singularity,bubo_virginianus,NSFW,,https://futasingularityv1.neocities.org/
A Captain's Wife is His Starship,bubo_virginianus,NSFW,,https://starshipwaifucyoa.neocities.org/
Choose Your Shapeshifter Wife,bubo_virginianus,NSFW,https://imgchest.com/p/bp458k8v45l,https://sshcyoa4.neocities.org
The Perfect Gangbang Experience!,Burner88w88,NSFW,,https://dreamgangbang.neocities.org/CYOAs/Gang/
Progenitor of Man,BushkuLabor,SFW,,https://bushkulavor.neocities.org/Progenitor%20of%20Man/
Sacrifice,BushkuLabor,SFW,,https://bushkulavor.neocities.org/Sacrifice/
Solo Leveling,camijojo,SFW,,https://camijojo.github.io/Solo-Leveling-CYOA-Real-One-/
Void Maidens (Remastered),CapCece,NSFW,,https://voidmaidenproject.neocities.org/
Arcane (LoL),Cappy_D_Bara,SFW,,https://capydbara.neocities.org/ArcaneV2CYOA/
Reality Mixup,Careful_Strategy_711,NSFW,broken link,https://careful-strategy-711.neocities.org/
Joy of Creation,CasaDeBlanc,NSFW,,https://casablanc.neocities.org/joy-of-creation/index.html
Netorare (Waifu),CasaDeBlanc,NSFW,,https://casablanc.neocities.org/netorare-waifu/index.html
Eternity in Hell,casualcraig69,NSFW,https://imgchest.com/p/5xy23oe94ld,https://auctionhouse.club/eternity_in_hell/v2/
Become a Catgirl,catgirlnya,NSFW,https://imgchest.com/p/dl7pqqzm8yo,https://aearara.neocities.org/Catgirl_Cyoa/
Lewd Harry Potter,Catsper_,NSFW,,https://caspercat.neocities.org/HP%20cyoa%20v0.7.5/index.html
Choose Your Keyholder,ChasteHentai,NSFW,,https://webfluffy.neocities.org/ChooseYourKeyholderv5
Girl for One Day,ChloeJoy88,NSFW,,https://inthebeforetimes.neocities.org/CYOAs/GirlForOneDay/index.html
Prison of Flesh,Chronicle_ward,NSFW,,https://chronicleward.neocities.org/
Pocket Monsters (Revised),ChubbiestThread,NSFW,,https://thereduxzone.neocities.org/pokefukers/
X-Change Design Your Own Pill,Cinteractor,NSFW,,https://cinteractor.neocities.org/cyoa/x-change-design-your-own-v2/
Welcome to Venusia,Clean_Algae,NSFW,,https://cleanalgae.neocities.org/
Tentacle Pet,cleothorn,NSFW,,https://infaera.neocities.org/cyoa/Tentacle%20Pet/index.html
Another Isekai,CleptaAfterDark,NSFW,,https://theblackmarket.neocities.org/Cyoa-V1/
Fallout,ComfortableCompote26,NSFW,,https://ajollymongrol.neocities.org/CYOAs/Fallout_CYOA/
Banchou's New Servant,con-pope,NSFW,,https://con-pope.neocities.org/test/Viewer_1.8/
Take your heart! A Persona 5,ConfusedBadgerrr,NSFW,https://imgur.com/a/eUO4Xs2,https://confusedbadgerrr.neocities.org/
Hentai Travels,Costaway,NSFW,https://imgchest.com/p/ej7mm9jj7dl,https://kronos998.neocities.org/Hentai_Travels_v2_DLC/
Saint of Cuferro,Cosunbree,NSFW,https://imgchest.com/p/md7o268l4p6,https://spiderhairy.neocities.org/Saint_of_Cuferro-CYOA-V1/
Worm Dalet,CounterSlider,SFW,,https://coreslider.neocities.org/
Stay Mummy About It,CritianCaceorte,SFW,,https://critiancaceorte.neocities.org/cyoas/MummyCYOA/
Cruel Fiancee,CrueltyIsNotEnough,NSFW,,https://webfluffy.neocities.org/CruelFiancee
Cult: Create a Deity,Cruxador,NSFW,,https://cruxador.neocities.org/cult/
Cackling Wizard,Cruxador,SFW,https://imgchest.com/p/xny8qnooybl,https://hikiller123.neocities.org/Cackling_Wizard_CYOA/index.html
Mother of Learning – JumpChains set,CuteSomic,SFW,,https://endernorrad.neocities.org/cyoa/MoL_JCs_bySomic/
Your Very Own Shantae!,cyoaccount227,NSFW,,https://cyoaccount.neocities.org/ShantaeCYOA/
Gangbang Convention,cyoaccount227,NSFW,,https://cyoaccount.neocities.org/GangbangConvention/
Hentai Villain,cyoaccount227,NSFW,,https://cyoaccount.neocities.org/HentaiVillain/
An Extraordinary Voyage,cyoaccount227,NSFW,https://imgur.com/a/f0tRvj1,https://cyoaccount.neocities.org/AnExtraordinaryVoyage2.0/
Working It Out,CYOAnon,NSFW,https://imgur.com/a/KDHigRP,https://cyoanon.neocities.org/CYOAs/WorkingItOut/index.html
Branching Heart,CYOAnon,NSFW,https://imgur.com/a/GYCIj,https://cyoanon.neocities.org/CYOAs/BranchingHeart/index.html
Waifu Blues,CYOAnon,NSFW,https://i.imgur.com/eYFFRIq.png,https://cyoanon.neocities.org/CYOAs/WaifuBlues/index.html
The Great Titty Wish,CYOAnon,NSFW,https://i.imgur.com/CwzRAqy.jpeg,https://cyoanon.neocities.org/CYOAs/TheGreatTittyWish/index.html
The Great Ass Wish,CYOAnon,NSFW,,https://cyoanon.neocities.org/CYOAs/TheGreatAssWish/index.html
A Horrible Curse,CYOAnon,NSFW,https://imgchest.com/p/wl7lkrd64x2,https://cyoanon.neocities.org/CYOAs/AHorribleCurse2/
Chaos Governance WH40k,cyoastuff,SFW,https://www.reddit.com/r/makeyourchoice/comments/vzwamk/chaos_governance_40k_cyoa/,https://makestaffyoulike.neocities.org/
Buckethead,cyoastuff,SFW,https://imgur.com/gallery/buckethead-star-wars-cyoa-M9zVBLB,https://chabje1.neocities.org/buckethead.html
Maid Mansion: Mansion Creator,Daniele_131,NSFW,,https://maid-mansion.neocities.org/CYOAs/Mansion_Creator/
A Simple Transaction,DarkSideBard,SFW,,https://astcyoa1.neocities.org/
Harry Potter Multicross Mod,DaveyL2013,SFW,,https://daveyl2013.github.io/licyoap/hpmm/index.html
Morrigan,DaxinneedofaHost,NSFW,,https://daxinneedofahost.neocities.org/Morrigan/
Odalisque Genescript Inc.,DaxinneedofaHost,NSFW,,https://daxinneedofahost.neocities.org/
Champion of the Orcs,DefiledArmor,NSFW,https://imgur.com/a/SYGZbm8,https://champion-of-the-orcs.neocities.org/
Godling of Aliot,dellecot,NSFW,,https://godling-of-aliot.neocities.org/Godling_of_Aliot_V.2/index.html
Kantai Collection Jumpchain,DFC,SFW,,https://scurra.neocities.org/CYOAS/Kantai%20Collection%20Jumpchain%20ICYOA/
Slutty Secretary,DivineSmut,NSFW,,https://divinesmut.neocities.org/cyoa/sluttysecretary.html
Auntie's Millions,Dmanoneren,NSFW,,https://drnsfwcyoa.neocities.org/
Morning Glory Redux,dragon_jak,NSFW,https://www.reddit.com/r/nsfwcyoa/comments/q3m2he/morning_glory/,https://tadstrange42.neocities.org/Morning%20Glory%20Redux/
Erednay's parade,dragon_jak,NSFW,https://www.reddit.com/r/nsfwcyoa/comments/xxtki8/erednays_parade_commission/#lightbox,https://foxegg.neocities.org/CYOAs/Erednay/
The Obelisk,Dragon_Jak,NSFW,,https://dragonswhore-cyoas.neocities.org/The_Obelisk/
Point of Contact,dragon_jak,NSFW,https://imgur.com/a/rbe52JL,https://wormlewdmod.neocities.org/point/
Sho Don't Tell,dragon_jak,NSFW,https://imgur.com/a/sho-dont-tell-v2-1-Crv2DcS,https://wormlewdmod.neocities.org/sho-mod/
The Dungeon Keeper: Fan DLC,dragon_jak,NSFW,https://imgur.com/user/PlywoodDavid/favorites/folder/9090299/all-my-cyoas,https://kronos998.neocities.org/The_Dungeon_Keeper_DLC/
The Isekai Repopulation Program,DragonBeyondTheGate,NSFW,,https://isekai-repopulation-program.neocities.org/
Lewd Kobold Colonization,dragonjek,NSFW,https://www.reddit.com/r/nsfwcyoa/comments/1il5f1r/lewd_kobold_colonization/,https://thedirepack42.neocities.org/
The Spark of Genius,dragonjek,NSFW,https://www.reddit.com/r/nsfwcyoa/comments/ox8mtf/the_spark_of_genius/,https://dragon-tamer.neocities.org/Genius/
Blacked Sissy,Dragons_Whore,NSFW,,https://dragonswhore-cyoas.neocities.org/Blacked_Sissy/
Fuck Club,Dragons_Whore,NSFW,,https://dragonswhore-cyoas.neocities.org/Fuck_Club/
Catalyst of CHAOS,Dragons_Whore,NSFW,,https://dragonswhore-cyoas.neocities.org/Catalyst_of_CHAOS/
Dragon Echo,Dragons_Whore,NSFW,,https://dragonswhore-cyoas.neocities.org/Dragon_Echo/
Filthy Whore,Dragons_Whore,NSFW,,https://dragonswhore-cyoas.neocities.org/Filthy_Whore/
Fluffy Tail,Dragons_Whore,NSFW,,https://dragonswhore-cyoas.neocities.org/Fluffy_Tail/
Bullies Toy,Dragons_Whore,NSFW,,https://dragonswhore-cyoas.neocities.org/Bullies_toy/
Cursed APP,Dragons_Whore,NSFW,,https://dragonswhore-cyoas.neocities.org/Cursed_APP/
Arabian Nights,Dragons_Whore,NSFW,,https://dragonswhore-cyoas.neocities.org/Arabian_nights/
Pet's Pet,Dragons_Whore,NSFW,,https://dragonswhore-cyoas.neocities.org/Pet's_Pet/
Horny Police Department,Dragons_Whore,NSFW,,https://dragonswhore-cyoas.neocities.org/Horny_Police_Department/
Prison Bitch,Dragons_Whore,NSFW,,https://dragonswhore-cyoas.neocities.org/Prison_Bitch/
Last Days,Dragons_Whore,NSFW,,https://dragonswhore-cyoas.neocities.org/Last_Days/
Succubus Café,Dragons_Whore,NSFW,,https://dragonswhore-cyoas.neocities.org/Succubus_Cafe/
Fucking Hentai Nightmare!,Dragons_Whore,NSFW,,https://dragonswhore-cyoas.neocities.org/Fucking_Hentai_Nightmare/
For the Emperor!,Dragons_Whore,NSFW,,https://dragonswhore-cyoas.neocities.org/For_the_Emperor!/
Glory Hole,Dragons_Whore,NSFW,,https://dragonswhore-cyoas.neocities.org/Glory_Hole/
GMO Department,Dragons_Whore,NSFW,https://imgchest.com/p/agyvw9m9489,https://dragonswhore-cyoas.neocities.org/GMO_Department_cyoap/index.html
GMO Department,Dragons_Whore,NSFW,https://imgchest.com/p/agyvw9m9489,https://dragonswhore-cyoas.neocities.org/GMO_Department/
Lure: Part 4 (Dalet),Dragons_Whore,NSFW,,https://dragonswhore-cyoas.neocities.org/Lure_p4_Dalet/
Boss Whore,Dragons_Whore,NSFW,,https://dragonswhore-cyoas.neocities.org/Boss_Whore/
Lure: Part 3 (Gimel),Dragons_Whore,NSFW,,https://dragonswhore-cyoas.neocities.org/Lure_p3_Gimel/
Kidnapped,Dragons_Whore,NSFW,https://imgchest.com/p/6eyrdjr64pz,https://dragonswhore-cyoas.neocities.org/Kidnapped/index.html
Lure: Part 2 (Beta),Dragons_Whore,NSFW,https://imgchest.com/p/5xy2l5ln4ld,https://dragonswhore-cyoas.neocities.org/Lure_v0.13/index.html
Office Slut,Dragons_Whore,NSFW,https://imgchest.com/p/ljyqdbvo725,https://dragonswhore-cyoas.neocities.org/Office%20Slut/index.html
Lure: Part 1 (Alpha),Dragons_Whore,NSFW,,https://dragonswhore-cyoas.neocities.org/Alpha/
Danmachi Jumpchain,drakensis and fitzgerald,SFW,,https://lordcyoa.neocities.org/DanmachiJumpchain/
Monster Maker,Dremiphamus01,NSFW,,https://dremiphamus.neocities.org/cyoas/Monster%20Maker/index.html
Sex Machine,droopyDildo,NSFW,,https://droopydildo.neocities.org/SexMachine/index.html
The Chousin Experiment,dubura,NSFW,,https://duburalytas.neocities.org/
Sexy Aliens Want to Study With Me,Due-Entrepreneur-362,NSFW,,https://yetanotherwackynatorcyoa.neocities.org/uni/
Comfy Tentacle Hideaway Vacation,Due-Entrepreneur-362,NSFW,,https://cthv2022.neocities.org/CYOA/index.html
Shameless Leftist Revenge Fantasy,Due-Entrepreneur-362,NSFW,,https://wackyfantasycyoa.neocities.org/slrfcyoa/
Milf-ification Mod,Dynastylights,NSFW,,https://lordcyoa.neocities.org/MILF-ificationMod/
Monster Reincarnation,dynastylights,NSFW,,https://sane89.neocities.org/
MILF-ification,Dynastylights,NSFW,,https://cinteractor.neocities.org/cyoa/milf-ification/
Divine Brothel,dziobak112,NSFW,,https://fatechangernsfwcyoa.neocities.org/DivineBrothel/
Divine Brothel Censored,dziobak112,NSFW,,https://fatechangernsfwcyoa.neocities.org/DivineBrothelCensored/
Gothification,Eatyourdesertfirst,NSFW,,https://eydf.neocities.org/cyoas/Gothification/
Tailbone,Eatyourdesertfirst,NSFW,,https://eydf.neocities.org/cyoas/Tailbone/
PSI Magic,Emergency_Proof4706,SFW,https://imgchest.com/p/dl7pzdw3kyo,https://fableoftheunspokenword.neocities.org/psi_magic/
Miracle Maker,Emergency_Proof4706,NSFW,,https://fableoftheunspokenword.neocities.org/miracle/
Fate Girl,emyraa,Choice,,https://emyraa.neocities.org/cyoas/FateModified/
My Crown Of Horns,Entomalea,SFW,,https://entomalea.neocities.org/
Dragon Scale,EntrepreneurThin980,SFW,,https://dragon-scale.neocities.org
Lavender Coronation,Erotic Descent Guy,SFW,,https://aearara.neocities.org/LavenderCorronation_Cyoa/
Arachne Reincarnation,Errorus,SFW,https://i.redd.it/44aqjt4sows51.png,https://arachne-reincarnation.neocities.org/
Generic Universal Body Creator,Evericent,SFW,,https://evericent.neocities.org/CYOAs/Body%20Maker/2.1/
Office Drone,Evilwumpus,NSFW,,https://evilwumpus.neocities.org/cyoas/officedrone/
Left in the Mist,Evisiro,SFW,,https://evisiro.neocities.org/cyoa/the_mist/
The Forest,ExternalPressure5563,NSFW,,https://externalpressure.neocities.org/
Sissy Life,extrymoney,NSFW,,https://first-sissy-cyoa.neocities.org/
Enslavd by Orcs,FassassLord,NSFW,,https://fassasslord.neocities.org/orcver1/
At Her Feet,feetishthrowaway,NSFW,,https://at-her-feet.neocities.org/
Hypno-Slut Girlfriend,ff_nsfw_,NSFW,,https://ffnsfwhypno.neocities.org
Honkai Impact 3rd,FierFiend,SFW,,https://cpuvalky.neocities.org/
Petplay Instiute,forcesage,NSFW,,https://sageforce.neocities.org/
Knockoff Soda,FredwardIII,NSFW,,https://fredward-iii.neocities.org/Knockoff%20Soda%20CYOA/
Lewd Idol Master,freshjen,NSFW,https://imgchest.com/p/6eyrdlngg4p,https://build-a-kingdom.neocities.org/CYOAs/Idol/
Alien Abduction,Gargoyle179,NSFW,,https://gargoyle179.neocities.org/alienabduction/
Petrification,Gargoyle179,NSFW,,https://gargoyle179.neocities.org/
Be the (Fat) Girl,GeraldoMann,NSFW,,https://geraldomann.neocities.org/cyoa/btfg/
Duck Isekai,Get_a_Grip_Comic,SFW,,https://humanreader.neocities.org/CYOA/DuckIsekai/
Duck Isekai,Get_a_Grip_comic,SFW,,https://humanreader.neocities.org/CYOA/IsekaiDuck_v4.6/
Rule 34 Economy,Gforce1000,NSFW,,https://rikimaru42.neocities.org/cyoas/GforcelowanimeCYOAriki42mod/
Rule 34 Economy,Gforce1000,NSFW,,https://sinister.neocities.org/rule34/
Rule 34 Economy,Gforce1000,NSFW,,https://r34economy.neocities.org
Rule 34 Economy,Gforce1000,NSFW,,https://cyoaccount.neocities.org/GforceRule34/
Choose your Succubus Mommy & Onee-Chan plus!,giggle-magician,NSFW,,https://giggle-succm-cyoa.neocities.org/
Essence And Form,GIyphicus,SFW,,https://glyphs-cyoa.neocities.org/Essence%20VS%20Form/
Dragon Girl,glop102,NSFW,,https://grumpysempai.neocities.org/dragongirl/
The Citadel at the Center of Everything,Glyphicus,SFW,,https://glyphs-cyoa.neocities.org/Citadel/
The World of Folly,Glyphicus,SFW,,https://glyphs-cyoa.neocities.org/World%20of%20Folly/
Cowgirl Wageslave,gmryhtze,NSFW,,https://cowgirlwageslave.neocities.org/cyoas/Cowgirl%20Wageslave/CYOA/
L'Esprit de la Petite Mort,gnomish_guerilla,NSFW,,https://gnomish-guerilla.neocities.org/CYOAs/LaPetiteMort/
Pokegirl Journey,GodsShadowS,NSFW,https://imgur.com/a/YhowMO9,https://godsshadowcyoa.neocities.org/
Heart of Yin and Yang,Goth_Dropping_In,NSFW,,https://ladycabal.neocities.org/CYOAs/HeartOfYinAndYangV3/
Kitty Time Out,Goth_Dropping_In,NSFW,,https://ladycabal.neocities.org/CYOAs/KittyTimeOutV1/
Edge of the Galaxy,gothfoxgirlboy,NSFW,,https://kitastrophe-entertainment.neocities.org/EotG/
Spellbound (part 1),gothfoxgirlboy,NSFW,,https://kitastrophe-entertainment.neocities.org/Spellboundp1.1/
Spellbound (part 2),gothfoxgirlboy,NSFW,,https://kitastrophe-entertainment.neocities.org/Spellboundp2/
Warlock's Bargain,graevfeatures,SFW,,https://graev.neocities.org/cyoa/Warlock/
A Practical Guide to Evil,graevfeatures,SFW,,https://graev.neocities.org/cyoa/A%20Practical%20Guide%20to%20Evil%20CYOA/
Contract Killing,graevfeatures,SFW,,https://graev.neocities.org/cyoa/HunterWIP/index.html
Custom Wizard,graevfeatures,SFW,,https://graev.neocities.org/cyoa/Custom%20Wizard%20CYOA/
Divine Dimensional Disturbances,graevfeatures,SFW,,https://graev.neocities.org/cyoa/DDDWIP/index.html
Realms of Power,graevfeatures,SFW,,https://graev.neocities.org/cyoa/The%20Realms%20of%20Power/index.html
Whispers of the Damned,graevfeatures,SFW,,https://graev.neocities.org/cyoa/Whispers%20of%20the%20Damned/
Magic Multiverse Mayhem: Alternate Look,graevfeatures,SFW,,https://graev.neocities.org/cyoa/Multiverse%20Mage%20CYOA/
Graev,graevfeatures,SFW,,https://graev.neocities.org/cyoa/graevfeaturescyoa/
Temples Beyond Time,graevfeatures,SFW,,https://graev.neocities.org/cyoa/Dead%20Gods%20Lie%20Dreaming/
Mistborn,graevfeatures,SFW,,https://graev.neocities.org/cyoa/Mistborn/index.html
Magic Multiverse Mayhem,graevfeaturesface,SFW,,https://graev.neocities.org/cyoa/MMMWIP/
Call Of The Soul,Gravityfunns_01,SFW,,https://gravityfunns.neocities.org/cyoa/Call%20Of%20The%20Soul/
Element Mixtures,Gravityfunns_01,SFW,,https://gravityfunns.neocities.org/cyoa/Element%20Mixtures/
End of Life,gunsoli,NSFW,,https://dragonswhore-cyoas.neocities.org/End_of_life_en/
Huntster,Hal-Bone,NSFW,,https://redboiscyoa.neocities.org/CYOAS/Huntster%20V2/
Final Resort - Assemble a Terminator,Hal-Bone,NSFW,,https://redboiscyoa.neocities.org/CYOAS/AssembleTerminatorV3/
Ochako's Reeducation,Hal-Bone,NSFW,,https://redboiscyoa.neocities.org/CYOAS/OchakoReeducation/
From The Dark Abyss: AvP Isekai,Harbinger889,SFW,,https://harbinger88.neocities.org/AvP%20ICYOA/
The Undermountain,Hazarawn,SFW,https://docs.google.com/document/d/15Ne838wpeYlY99foYSVsqDcEJY2HDHedHISfGn0Tf8A/edit,https://theundermountain.neocities.org/
The Challenge,hellboysm,SFW,,https://hellboysm.neocities.org/
I've Been Reincarnated as a Villainess/Hamefura,Heterosexualfemboy,NSFW,,https://heterosexualfemboy.neocities.org/
Futanari Revolution,hexalby,NSFW,https://imgchest.com/p/6pg73rdo7rn,https://casablanc.neocities.org/futanari-revolution/index.html
Douluo Dalu Jump Interactive,HiddenSorcererSI,SFW,,https://crescient.neocities.org/CYOA/Douluo_Dalu/index.html
Assassins Creed,HiddenSoreccerSI,SFW,,https://crescient.neocities.org/CYOA/Organization/
DC,HiddenSoreccerSI,SFW,,https://crescient.neocities.org/CYOA/DC/
I Am Arthur,HiddenSoreccerSI,SFW,,https://crescient.neocities.org/CYOA/I_AM_ARTHUR/
Time Police,HiddenSoreccerSI,SFW,,https://crescient.neocities.org/CYOA/Time_Police/index.html
Phase Sparks,HiddenSoreccerSI,SFW,,https://crescient.neocities.org/CYOA/Phase_Sparks/
Crystal Order,HiddenSoreccerSI,SFW,,https://crescient.neocities.org/CYOA/Crystal_Order
Blood Magic,hikiller123,SFW,,https://hikiller123.neocities.org/Blood_Magic_CYOA/
Hell Rebellion,hikiller123,SFW,,https://hikiller123.neocities.org/Hell_Rebellion_CYOA/index.html
Dimensional Traveller,hikiller123,SFW,https://imgur.com/a/wQzpxan,https://hikiller123.neocities.org/Dimensional_Traveller_CYOA/
Cartoon Kings,hikiller123,NSFW,https://imgur.com/a/xxFTxPd,https://hikiller123.neocities.org/Cartoon_Kings/index.html
Tall Pet Waifu,HolidayAd622,NSFW,https://imgur.com/a/NNAjFE2,https://tall-pet-waifu-cyoa.neocities.org/
The Breeding Program,hope-73,NSFW,,https://breeding.neocities.org/cyoas/breeding/
Your New Hucow Life,hope-73,NSFW,,https://your-new-hucow-life.neocities.org/cyoas/hucow/
All Eyes on You,Howabout369,NSFW,,https://howabout369.neocities.org/aeoy3/
Life as a Girl's Diapers,Hsnbrg689,NSFW,,https://hsnbrg689.neocities.org/bad/cyoa
Freaky Blackmailer,hsnbrg689,NSFW,,https://hsnbrg689.neocities.org/home
An Early Punishment,Hsnbrg689,NSFW,,https://hsnbrg689.neocities.org/earlypunish/cyoa
Final Fantasy XIV,Huarrnarg,NSFW,,https://ffxivcyoa.neocities.org/
Goblin Isekai,Huarrnarg,NSFW,,https://chanceh.neocities.org/
Good End Corruption DLC: Allies and Nemeses,Huitzil37,NSFW,,https://huitzil.neocities.org/DLCPreview/
The Helpful Succubus: Good End Corruption Challenge,Huitzil37,NSFW,,https://huitzil.neocities.org/GoodEndCorruption/
Santa,humanreader,SFW,,https://humanreader.neocities.org/CYOA/SantaCYOA/
Time Stop,HydroCyoa,NSFW,,https://remiel.neocities.org/Cyoas/Timestop/index.html
HATHOR WILLS IT!,Hyenanon,NSFW,https://imgchest.com/p/9p4ndem5ynq,https://aearara.neocities.org/Hathor_Cyoa/
Let There Be Kobolds,iamtheedge,NSFW,https://imgchest.com/p/a846aeno7xj,https://lettherebekoboldscyoa.neocities.org/
Be the Girl,Icecold1039,NSFW,,https://icy-flame.neocities.org/Cyoas/BeTheGirlv1/index.html
Otherworldly Patron,Ichigo3924,NSFW,,https://otherworldlypatroncyoa.neocities.org/
Rivals: Hunt for Survival,IDWBAForever,NSFW,,https://rivalswisherrant.neocities.org/Hunt-for-Survival/
Rivals: Wish Errant,IDWBAForever,NSFW,,https://rivalswisherrant.neocities.org
You Found a Living Suit,ificumimgone,NSFW,,https://ificumimgone.neocities.org/
Living Suit,ificumimgone,NSFW,,https://livingsuit.neocities.org/
Minor Powers,IG_CrimsonTwilight,SFW,,https://worm-cluster.neocities.org/Minor%20Powers%20CYOA/viewer
Own Your Own Coffee Shop!,iiumelka,NSFW,,https://iiumelka.neocities.org/CoffeeShop/
Maid picker 2: electric boogaloo,iliketosingsongs,NSFW,https://www.reddit.com/r/nsfwcyoa/comments/1itf9wc/pick_a_futa_maid_3_versions/?utm_name=web3xcss,https://maidpicker.neocities.org/
Curse of the Werewoman,Ill_Composer2885,NSFW,,https://illcomposer.neocities.org/curse/
The Male Ga(y)ze,imaginefishes,NSFW,,https://imaginefishes.neocities.org/
Strange Coins,Imaginos9,SFW,https://dn.imgchest.com/p/dl7pzawjyox,https://lordcyoa.neocities.org/StrangeCoins/
Evil Empire,imnotaneggman,NSFW,,https://imnotjuice.neocities.org/CYOA/Evil%20Empire%200.8/
Waifutrix,Infaera,NSFW,https://imgur.com/a/V2WfuSz,https://infaera.neocities.org/cyoa/waifutrix/
Monster Hunter Elder Dragon,Ionl98,NSFW,,https://woodcock78.neocities.org/CYOAs/Monster%20Hunter%20CYOA/
Digimon,Ionl98,NSFW,,https://woodcock78.neocities.org/CYOAs/Digimon%20CYOA/
Magic TG Order Form,IronAltAccount,NSFW,,https://magictgorderform.neocities.org/
Victorious Villain Jafar,Ixema,NSFW,,https://allourtroubles.neocities.org/JafarCYOA/
A Symbiotic Encounter,Jack-Amorphous,SFW,,https://jack-amorphous.neocities.org/Symbiote%20ICYOA/
Ben 10,Jack-Amorphous,SFW,,https://jack-amorphous.neocities.org/Ben%2010%20CYOA/
A Marvelous Adventure,jackamophous,SFW,,https://jack-amorphous.neocities.org/Marvel%20ICYOA/
A Call To Stream,JohnJohnson0334,NSFW,,https://johnjohnson0334.neocities.org/CYOA/A%20Call%20To%20Stream/
Living Doll,JohnJohnson0334,NSFW,,https://johnjohnson0334.neocities.org/CYOA/Living%20Doll/
The Incubi Invasion,JohnJohnson0334,NSFW,,https://johnjohnson0334.neocities.org/CYOA/The%20Incubi%20Invasion/
A Brothel In Loxaria,JohnJohnson0334,NSFW,,https://johnjohnson0334.neocities.org/CYOA/A%20Brothel%20In%20Loxaria/index.html
The Chronomancer,JohnJohnson0334,NSFW,,https://johnjohnson0334.neocities.org/CYOA/The%20Chronomancer/index.html
Be the Monster,JRPG,SFW,http://imgur.com/a/1RGOr,https://nobodyjones96.neocities.org/CYOAs/BeTheMonsterCYOAInteractive/index.html
JRPG Traitor,JRPG,SFW,https://imgur.com/a/xy9tgBB,https://upasadena.github.io/cyoas/jrpg-traitor/
Giant Destruction,kachowsker89,NSFW,,https://slurp4.neocities.org/
The Great Hunt,KadeRayne,NSFW,,https://kaderayne.neocities.org/CYOAs/The_Great_Hunt/
Devil Toast's Demon Creator,KainNSFW,NSFW,,https://dtsdemonmaker.neocities.org/
Become A Dragon,Kangaroth,SFW,,https://kangaroth.neocities.org/BecomeADragon.V2.Cyoa/
Built in the Heavens (Design Update),King Mob,SFW,,https://swcyoas.neocities.org/builtinheavens/
Built in the Heavens,King Mob,SFW,https://imgur.com/gallery/built-heavens-cyoa-dUkFmZF,https://built-in-the-heavens.neocities.org/
The Isekai Project,Kinkyboi68,NSFW,,https://isekai-project.neocities.org
Naughty New Life,KitKitKaida,NSFW,,https://thedevilinmysteries.neocities.org/
The Weird Dating Show,kmasterCross,NSFW,,https://html-classic.itch.zone/html/10218970/index.html
The Long Journey,kmasterCross,NSFW,,https://html-classic.itch.zone/html/7552836/index.html
Naruto Mod,KnotNotApplicable,SFW,,https://knotnotapplicable.neocities.org/naruto
Bunny Inc.,KnowNotApplicable,NSFW,,https://knotnotapplicable.neocities.org/bunnyinc.html
Invoker as in Yu-Gi-Oh,KvothePhoenix,NSFW,,https://kvothephoenix.neocities.org/
Remembering Tomorrow,LabyrinthDeAndriis,SFW,,https://remembering-tomorrow.neocities.org/CYOAs/Remembering%20Tomorrow/
Courtesan's Kindling,LadyCabal,NSFW,,https://ladycabal.neocities.org/CYOAs/CourtesansKindling/
Lewd Worm Om1cr0n Mod,Laithlins,NSFW,,https://om1cr0n.neocities.org/lewdworm/
Lewd Worm Lonelylurker Mod,Laithlins,NSFW,,https://lonelylurker.neocities.org/CYOA/LaithlinMod/
Lewd Worm Rikimaru42 Mod,Laithlins,NSFW,,https://rikimaru42.neocities.org/cyoas/rikimaru42mod/
Lewd Worm Redux Zone Mod,Laithlins,NSFW,,https://thereduxzone.neocities.org/LewdWormMod/
Lewd Worm Infaera Mod,Laithlins,NSFW,,https://infaera.neocities.org/cyoa/WormLewdMod/index.html
Serving Humanity,Laithlins,NSFW,,https://laithlin.neocities.org/ServeHumanityCyoa/index.html
Lewd Worm Mod,Laithlins,NSFW,,https://wormlewdmod.neocities.org/
Lewd Worm PixelatedNSFW Mod,Laithlins,NSFW,,https://pixelatednsfwcyoas.neocities.org/LewdWormMod/LewdWormMod.html
Lewd Worm,Laithlins,NSFW,,https://laithlin.neocities.org/WormCyoa/index.html
Four Boons,Laithlins,NSFW,,https://laithlin.neocities.org/FourBoonsCyoa/
The Great Inflate,LargeNintendoDS,NSFW,,https://hypercyoa.neocities.org/greatinflate/
Hyper,LargeNintendoDS,NSFW,https://imgchest.com/p/qb4zkjel4jm,https://hypercyoa.neocities.org/hypercyoa/
Lewd Isekai,Larien93,NSFW,,https://isekaicyoa.neocities.org/
Project Artemis,Larien93,NSFW,,https://projectartemis.neocities.org/
Path of Power,Larien93,NSFW,,https://powerpathcyoa.neocities.org/
Forbidden Caravan,Larien93,NSFW,,https://forbiddencaravan.neocities.org/
StarTouched,Larien93,NSFW,,https://startouched.neocities.org/
The Unseen Trial,lariencyoa,NSFW,,https://unseentrialcyoa.neocities.org/
Saintess,Lekah,NSFW,,https://dragonswhore-cyoas.neocities.org/Saintess/
Sith Lord,Lennkaz,SFW,https://imgur.com/gallery/7ZJXR4u#Qz5XjQg,https://swcyoas.neocities.org/sithlord/index.html
Jedi Guardian of the Republic,Lennkaz,SFW,,https://swcyoas.neocities.org/guardianoftherepublic/index.html
X-Change Testing Program,lewddude223,NSFW,,https://lewddude223.neocities.org/
Bimbo Dice,LeXXieX,NSFW,,https://xscaptions.neocities.org
Neo Sapiens,Lilninja12,NSFW,,https://lordcyoa.neocities.org/NeoSapiens/
Amazon Kingdom,Local-Importance3835,NSFW,https://imgchest.com/p/m9yxmdx34qn,https://amazonkingdomcyoa.neocities.org/
Lostvale,Lockedroomlover,NSFW,,https://locked-room-lover.neocities.org/Lostvale%20CYOA/Lostvale
My Hero Academia Waifu Picker,LoiterInFrontOfACar,NSFW,,https://lifoac.neocities.org/cyoas/MHACYOA/index.html
Sex Doll Remodelling,LOKYOmotive,NSFW,,https://lewdstation.neocities.org/DollRemodel/
Carnelia's Champion,LOLLOL12344,NSFW,,https://godling-of-aliot.neocities.org/Carnelias_Champion/
Soul Reforged,LOLLOL12344,NSFW,https://imgchest.com/p/6eyr28gg7pz,https://godling-of-aliot.neocities.org/Soul_Reforged_v3/index.html
Be The Noble,Lone Observer,SFW,,https://png-man.neocities.org/Be%20The%20Noble/
Perpetuance Protocol Pod Program,Lone Observer,SFW,https://imgchest.com/p/a846gp327xj,https://bobbby.neocities.org/
Generic Xianxia Jumpchain,Lone Valkyrie,SFW,https://drive.google.com/file/d/1SgaLsMy7HvOnVKWtlIUu-stmtpDCie8M/view,https://lonevalky.neocities.org/
Moo Moo ,LordCYOA,NSFW,,https://lordcyoa.neocities.org/MooMoo/
The Chick Deity,LordCYOA,NSFW,,https://lordcyoa.neocities.org/TheChickDeity/
Fallen Paladin,LordCYOA,SFW,,https://lordcyoa.neocities.org/FallenPaladin/
Pokemon,LordValmar,SFW,,https://valmar.neocities.org/cyoas/pokemoncyoa/
Spiderman,LordValmar,SFW,,https://valmar.neocities.org/cyoas/spidermancyoa/
Waifu Builder,LordValmar,Choice,,https://valmar.neocities.org/cyoas/waifubuilder/
Game of Thrones,LordValmar,SFW,,https://valmar.neocities.org/cyoas/gotcyoa/
Serene Serendipity,LordValmar,SFW,,https://valmar.neocities.org/cyoas/sereneserendipity/
The Elder Scrolls V Skyrim,LordValmar,SFW,,https://valmar.neocities.org/cyoas/skyrimcyoa/
Ghost,LordValmar,SFW,,https://valmar.neocities.org/cyoas/ghostcyoa/
Dragon Age,LordValmar,SFW,,https://valmar.neocities.org/cyoas/dragonage/
Star Wars - The Clone Wars,LordValmar,SFW,,https://valmar.neocities.org/cyoas/clonewarscyoa/
Highschool of the Dead,LordValmar,SFW,,https://valmar.neocities.org/cyoas/hotdcyoa/
Dragon Kingdom,LordValmar,SFW,,https://valmar.neocities.org/cyoas/dragonkingdom/
Evolution,LordValmar,SFW,,https://valmar.neocities.org/cyoas/evolutioncyoa
Vampire,LordValmar,SFW,,https://valmar.neocities.org/cyoas/vampirecyoa/
Power Emergence,LordValmar,SFW,,https://valmar.neocities.org/cyoas/emergencecyoa/
Hearth and Body Meta,LordValmar,Choice,,https://valmar.neocities.org/cyoas/metacyoa/
Avatar: The Last Airbender,LordValmar,SFW,,https://valmar.neocities.org/cyoas/avatarcyoa
Danmachi,LordValmar,SFW,,https://valmar.neocities.org/cyoas/danmachicyoa/
One Piece,LordValmar,SFW,,https://valmar.neocities.org/cyoas/onepiececyoa/
Demon,LordValmar,SFW,,https://valmar.neocities.org/cyoas/demoncyoa/
My Hero Academia,LordValmar,SFW,,https://valmar.neocities.org/cyoas/mhacyoa/
Zombie Killer Game,LordValmar,SFW,,https://valmar.neocities.org/cyoas/zombiecyoa/
Mass Effect,LordValmar,SFW,,https://valmar.neocities.org/cyoas/masseffectcyoa/
Movie Survival,LordValmar,SFW,,https://valmar.neocities.org/cyoas/moviecyoa/
100 Curses,Macaroon-Remarkable,NSFW,https://imgchest.com/p/5xy23lpz4ld,https://macaroonremarkable.neocities.org/cyoas/100Curses/
Become An Idol,Maddiertg,NSFW,,https://maddiertg.neocities.org/Be%20The%20Idol/index.html
Dragon Tamer,Magicbutty,NSFW,https://imgchest.com/p/lqyevo29z7d,https://dragon-tamer.neocities.org/
Colthara,Magnificum20,NSFW,https://imgur.com/a/JoCw6e2,https://infaera.neocities.org/cyoa/Colthara/index.html
Real Waifus Bang You,Maid Anon,NSFW,,https://sausageinabun.neocities.org/
Chaos Governance,MakeStaffYouLike,SFW,,https://bushkulavor.neocities.org/Cyoa/
Possession,ManyPossessions,NSFW,,https://possession-cyoa2.neocities.org/
Harem of the Great Khan,masterCross,NSFW,https://imgur.com/a/khans-harem-cyoa-static-version-rgwYoIm,https://html-classic.itch.zone/html/7517047/index.html
Harem of the Great Khan v2,masterCross,NSFW,https://imgchest.com/p/9p4n33mw7nq,https://html-classic.itch.zone/html/9947284/index.html
Femboy Fantasies,mech_lionu,NSFW,,https://mech-hanger.neocities.org/cyoa/femboyfantasies/
Head Start Meta,Metalax_Redux,NSFW,,https://metalax.neocities.org/HeadStart/index.html
Horny Hotel,MeteoricCesar,NSFW,,https://mccyoa.neocities.org/
The Nursery,MidnightAsh3s,NSFW,,https://ash3s.neocities.org/NSFW%20CYOAS/The%20Nursery%20CYOA/
Iridescent Souls,Mikipedio,SFW,,https://mikipedio.neocities.org/CYOA/iridescent_souls_cyoa/
Nanobot Lottery,MissHelsing,NSFW,,https://nanobotlottery.neocities.org/
The New Girl at the Harem,MissLaStrange21,NSFW,,https://milshrm.neocities.org/
Choose Your Own Femdom Adventure,MissLaStrange21,NSFW,,https://milscyoa.neocities.org/
Interactive Naruto v2,Mistamage,SFW,,https://knotnotapplicable.neocities.org/naruto_v2
Gamer: Choose Your Own System,Mistamage,SFW,,https://interactivenarutocyoa.neocities.org/Interactive%20Gamer%20CYOS/
Naruto,Mistamage,SFW,,https://interactivenarutocyoa.neocities.org/Naruto%20CYOA/
Terminator Jump,mojavecourier,SFW,https://drive.google.com/file/d/1l6RuMA39iRqVeCCX8L7t-O77tGcrwLsf/view,https://living-time.neocities.org/terminator-jump/
Build a Drone,monkeyboi410,NSFW,https://monkeyboi410.neocities.org/CYOA/Build-A-Drone/Build-A-Drone-V0.5.png,https://monkeyboi410.neocities.org/CYOA/Build-A-Drone/index.html
X-Change Island,monkeyboi410,NSFW,,https://monkeyboi410.neocities.org/CYOA/X-Change%20Island%20V2/index.html
Master PC,monkeyboi410,NSFW,,https://monkeyboi410.neocities.org/CYOA/MasterPCV2.5/index.html
Cartoon MILF MOD,Monkeymanbond,NSFW,https://imgur.com/a/zZO9Fgm,https://om1cr0n.neocities.org/milf/
Explore the Ruins,Monkeymanbond,NSFW,,https://monkeyman.neocities.org/cyoa_ruins/
Magic Camera,Monkeymanbond,NSFW,,https://monkeyman.neocities.org/cyoa_photo/index.html
Cartoon MILF,Monkeymanbond,NSFW,https://imgur.com/a/zZO9Fgm,https://monkeyman.neocities.org/cyoa_milf/index.html
Princess of Somnolar,Moonyeyed,NSFW,,https://moonyeyed-nsfw.neocities.org/
 'Rape' the Virgin Goddesses,Mr_Vampie,NSFW,https://cdn.imgchest.com/files/yrgcnxmrax4.png,https://mrvampie.neocities.org/rapethegoddesses/1.0/
Supervirgins: Women of Tomorrow,Mr_Vampie,NSFW,,https://mrvampie.neocities.org/supervirgins/0.1/
Eager Earthbound Elven Escapades,Mr_Vampie,NSFW,,https://mrvampie.neocities.org/
Super Heroine Harem: DC Edition,MrChapeau,NSFW,,https://superheroineharem.neocities.org/
Build-A-Maid,mutants123,NSFW,https://imgchest.com/p/lqye6plx4dn,https://justneedtotalk77.neocities.org/cyoa/
The Power of the Mind DLC,mutants123,NSFW,,https://build-a-kingdom.neocities.org/CYOAs/potm/
Dungeon Creator,mutants123,NSFW,https://imgchest.com/p/lqye36pwx4d,https://build-a-kingdom.neocities.org/CYOAs/Dungeon/
Elven Conqueror,mutants123,NSFW,,https://build-a-kingdom.neocities.org/CYOAs/ElfV2/
Supers Unleashed,mutants123,NSFW,,https://build-a-kingdom.neocities.org/CYOAs/SupersUnleashed/
Femdom Academy,mutants123,NSFW,,https://build-a-kingdom.neocities.org/CYOAs/dommomv2/
The Multiverse Saviors,mutants123,NSFW,https://imgchest.com/p/wl7lrjj37x2,https://build-a-kingdom.neocities.org/CYOAs/savior/
Lewd Office,mutants123,NSFW,,https://build-a-kingdom.neocities.org/CYOAs/lewdoffice/
Dimension Jumper,mutants123,NSFW,,https://build-a-kingdom.neocities.org/CYOAs/Dreamer/
Streamer Roommate,mutants123,NSFW,,https://build-a-kingdom.neocities.org/CYOAs/streamerv2/
Captive Trainer,mutants123,NSFW,,https://build-a-kingdom.neocities.org/CYOAs/Captive/
Bunnygirl Cafe,mutants123,NSFW,,https://build-a-kingdom.neocities.org/CYOAs/bunnygirlv02/
Build a Kingdom,mutants123,NSFW,,https://build-a-kingdom.neocities.org/CYOAs/BaKV09/
Immortals Online,MyOtherNameIsClean,NSFW,,https://immortalsonline.neocities.org/
Would You Rather,Mysterious-Walrus,NSFW,,https://mysterious-walrus.neocities.org/would-you-rather/
College Soulmate,N0o_____,NSFW,,https://no-imgood.neocities.org/CYOAS/CollegeSoulmate/
Transformation,N0o_____,NSFW,,https://no-imgood.neocities.org/
Wholesome Harem Fantasy,n147258,NSFW,https://imgchest.com/p/ne7bvkvm453,https://xyclone147.neocities.org/Wholesome%201.1/
Gamer: Choose Your Own System Mod,Narharcan,SFW,,https://gamercyoamod.neocities.org/gamercyoa/
Life as Pantsu,NecessaryAcademic727,NSFW,,https://infaera.neocities.org/cyoa/Life%20as%20Pantsu/index.html
Futa Relief Assistant,NekoSlut1,NSFW,,https://nekoslut1.neocities.org/
College Choices,nestedDegeneracy,NSFW,,https://twisteddreams.neocities.org/college/Viewer%201.8/
Elven Diplomacy,nestedDegeneracy,NSFW,,https://twisteddreams.neocities.org/
Honkai Star Rail,NeuSkryb,SFW,,https://cptskryb.neocities.org/
Project CTT,NewSuperTrios,NSFW,,https://newtrios.neocities.org/cyoa/ctt
Futa Fighting Federation,Nightmare_Lightning,NSFW,,https://nightmarelightningcyoa.neocities.org/FFF/FFFV1.1/
CYOA by Daylight,Nightmare_Lightning,NSFW,https://imgur.com/a/c3p9JJ3,https://cyoabydaylight.neocities.org/Version%203.0/
Percy Jackson,Nobody_the_2nd,SFW,,https://nobodytheeyepoker.neocities.org/cyoas/pjocyoav2/
Time Stop,NobodySafe4Work,NSFW,,https://timestop-2.neocities.org/Time%20Stop/index.html
Be The Maid!,Nona_Mondnar,NSFW,,https://nonamondnar.neocities.org/
Be The Maid! (Censored),Nona_Mondnar,NSFW,,https://nonamondnar-censored.neocities.org/
Forced Feminization Isekai Adventure,nonemouse_cyoa,NSFW,https://new.reddit.com/r/nsfwcyoa/comments/1f6mbir/forced_feminization_isekai_adventure/,https://aearara.neocities.org/FoFeIsAd_Cyoa/
Isekai Form,Notinnamed,NSFW,https://imgchest.com/p/9p4njrmbynq,https://lordcyoa.neocities.org/IsekaiForm_WIP1/
Startup,nuudlr,NSFW,,https://nuudlr.neocities.org/cyoa/startup/index.html
Transpositional Tamamo Troubles,ObsessionObsessor,SFW,,https://owlcool.neocities.org/cyoas/TTTWIP/
Upgrade,ObsessionObsessor,SFW,https://imgur.com/gallery/NbMzNga,https://owlcool.neocities.org/cyoas/Upgrade/
Kolegari,OddGM,NSFW,,https://oddgm.neocities.org/kolegari/index.html
Nanites,OjuiceKA,SFW,https://imgur.com/a/HCUVPdo,https://chaosdigger656.neocities.org/nanites/
Needs of the Empire,oldflameprincess,NSFW,,https://lewd-alien-pregnancy.neocities.org/needs-of-the-empire/
Strange Bedfellows,OliveOil19,NSFW,,https://strangebedfellows.neocities.org/
Lewd Gladiator,OliveOil19,NSFW,,https://gladiatorcyoa.neocities.org/
Milk Maid,OliveOil19,NSFW,,https://milkmaidcyoa.neocities.org/
Fantasy Elf,OliveOil19,NSFW,,https://fantasyelfcyoa.neocities.org/
Excurse to the Past,Om1cr0n,NSFW,,https://wormlewdmod.neocities.org/history/
Superpowered Journey Mod,Om1cr0n,NSFW,,https://om1cr0n.neocities.org/journey/
Multiverse Explorer v5,Om1cr0n,NSFW,,https://om1cr0n.neocities.org/multiverse_v5/
Nickelodeon,Om1cr0n,NSFW,,https://om1cr0n.neocities.org/nick/
Multiverse Explorer v4,Om1cr0n,NSFW,,https://om1cr0n.neocities.org/multiverse_v4/
Game World,Om1cr0n,NSFW,https://imgchest.com/p/wl7lmo6d3yx,https://om1cr0n.neocities.org/game/
Multiverse Explorer v3,Om1cr0n,NSFW,,https://wormlewdmod.neocities.org/traveler_v3/
Fantasy Crisis,Om1cr0n,SFW,,https://om1cr0n.neocities.org/fantasy/
Shop of Wonders,Om1cr0n,NSFW,,https://wormlewdmod.neocities.org/shop/
Isekai Experience,Om1cr0n,NSFW,,https://wormlewdmod.neocities.org/isekai/
Eclipse of Mortality,Om1cr0n,NSFW,,https://wormlewdmod.neocities.org/trials/
Battle Path,Om1cr0n,NSFW,,https://wormlewdmod.neocities.org/martialarts/v2/
Neon Nexus,Om1cr0n,NSFW,,https://wormlewdmod.neocities.org/cyberpunk/
Multiverse Explorer v2,Om1cr0n,NSFW,,https://wormlewdmod.neocities.org/traveler_v2/
Apocalypse Tales,Om1cr0n,NSFW,,https://wormlewdmod.neocities.org/apocalypse/
Multiverse Explorer,Om1cr0n,NSFW,,https://wormlewdmod.neocities.org/traveler/
Fate Another Pretender,Om1cr0n,SFW,,https://anotherpretender.neocities.org/optimized/
Alternative Worm Worlds,Om1cr0n,Choice,,https://wormlewdmod.neocities.org/worm_v4/
Interstellar Odyssey,Om1cr0n,NSFW,,https://wormlewdmod.neocities.org/stars/
Superpowered Amalgam,Om1cr0n,SFW,,https://wormlewdmod.neocities.org/supers/index.html
Trinity of Systems,Om1cr0n,NSFW,,https://wormlewdmod.neocities.org/spark/index.html
Rule 34 Economy,Om1cr0n,NSFW,,https://wormlewdmod.neocities.org/economy34/
RWBY Mod,Om1cr0n,NSFW,,https://wormlewdmod.neocities.org/rwby/index.html
Demigod,Om1cr0n,NSFW,,https://wormlewdmod.neocities.org/demigod/
Fallout,One_Commission1480,SFW,,https://kondor9543.neocities.org/fallout/
Harry Potter,One_Commission1480,SFW,,https://kondor9543.neocities.org/HPcyoa/
Pumpkin Boons,OutrageousBears,SFW,https://www.reddit.com/r/makeyourchoice/comments/q9sy9f/pumpkin_boons_v3_visual_update_15_choice/,https://neobears.neocities.org/Pumpkin-Boons/
Doll Reincarnation 2.0,OverReaperPL,NSFW,,https://overreaper.neocities.org/cyoas/Doll_Reincarnation/
A Not So Mundane World,PandaIsInSpace,NSFW,https://drive.google.com/drive/folders/1t6Nq4A0BYWfPSNMw6G0mj9Wt3QGujZC0,https://notsomundane.neocities.org/ANotSoMundaneWorld/ansmMain.html
Assemble your own Avengers,Particle9A,SFW,,https://particle9.github.io/cyoa/avenger_cyoa/
Child of Magic,pasadena,NSFW,https://imgchest.com/p/wl7l99qq7x2,https://pasadena.neocities.org/cyoas/child-of-magic/
Living God,pasadena,SFW,,https://upasadena.github.io/cyoas/living-god/
Shortstack Genie,Penn_dragon,NSFW,https://imgchest.com/p/wl7lxblq7x2,https://lordcyoa.neocities.org/ShortstackGenie/
Isekai,Philosophical_puppy,SFW,,https://beepboopbop.neocities.org/cyoa/Viewer%201.8/index.html
Rule 34 Economy,PixelatedNSFW,NSFW,https://imgur.com/a/s8KhBwA,https://felixyis.neocities.org/CYOA/R34Mod/
Lewd Jinn,PixelatedNSFW,NSFW,,https://pixelatednsfwcyoas.neocities.org/LewdJinn/LewdJinn.html
Bisexual Companion Isekai Adventure,PixelatedNSFW,NSFW,,https://pixelatednsfwcyoas.neocities.org/BisexualKajinmanCYOA/index.html
Rin Tohsaka,PixelatedNSFW,NSFW,,https://pixelatednsfwcyoas.neocities.org/RinTohsakaLewd/RinTohsakaLewd.html
Pandora's Star,PixelatedNSFW,NSFW,https://drive.google.com/drive/folders/1woOH1mk1ahk4McYydrrAusvYrLRfYtQg,https://pixelatednsfwcyoas.neocities.org/PandorasStar/cyoa.html
Rule 34 Economy,PixelatedNSFW,NSFW,,https://pixelatednsfwcyoas.neocities.org/R34Economy/r34.html
Lewd Sword Art Online,PixelatedNSFW,NSFW,,https://pixelatednsfwcyoas.neocities.org/LewdSAOCYOA/SAO.html
XMON,PixelGMS,SFW,,https://interactivewormcyoav6.neocities.org/XMON/XMON
Fate Outer Worlds,PixelGMS,SFW,,https://interactivewormcyoav6.neocities.org/FateOuterWorlds/FateBeta
Scribblenauts,PixelGMS,SFW,,https://interactivewormcyoav6.neocities.org/Scribblenauts/Scribblenauts
Subpar Empowerment,PixelGMS,SFW,,https://interactivewormcyoav6.neocities.org/Subpar%20Empowerment/Subar%20Empowerment
My Hero Academia Class 1-C,PixelGMS,SFW,,https://interactivewormcyoav6.neocities.org/MHA%20Class%201-C%20V1.1/Class%201C
Worm V10: Open Beta,PixelGMS,SFW,,https://interactivewormcyoav6.neocities.org/WormV10Beta/wormv10
Guardian Spirit,PixelGMS,SFW,,https://interactivewormcyoav6.neocities.org/Guardian%20Spirit/GuardianSpirit
King Arthur,PixelGMS,SFW,,https://interactivewormcyoav6.neocities.org/King%20Arthur/King%20Arthur%20CYOA.html
Worm V8: April Fools,PixelGMS,SFW,,https://interactivewormcyoav6.neocities.org/WormV8/Worm%20CYOA%20V8.html
Quick WW2,PixelGMS,SFW,,https://interactivewormcyoav6.neocities.org/ww21.0/ww2.html
RWBY,PixelGMS,SFW,,https://interactivewormcyoav6.neocities.org/RWBY%20CYOA%20V1.2/RWBYCYOA.html
Worm v5 Gimel,PixelGMS,SFW,,https://interactivewormcyoav6.neocities.org/Gimel/gimel.html
Wrong World,PixelGMS,SFW,https://imgur.com/gallery/uDIQ951,https://interactivewormcyoav6.neocities.org/Wrong%20World/Wrong%20World
Useless Power Catalogue,PixelGMS,SFW,https://imgur.com/gallery/8K0Ezfl,https://interactivewormcyoav6.neocities.org/Useless%20Power%20CYOA/Useless%20Power%20CYOA.html
World Empowerment,PixelGMS,SFW,,https://interactivewormcyoav6.neocities.org/WorldEmpowermentV1.1/WorldEmpowerment.html
Worm V8,PixelGMS,SFW,,https://interactivewormcyoav6.neocities.org/Worm%20CYOA%20V8/wormv8earlyaccess.html
Rin Tohsaka,PixelGMS,SFW,,https://interactivewormcyoav6.neocities.org/TohsakaRin/TohsakaRin.html
Choose Wisely,PixelGMS,SFW,https://imgur.com/LXU1quv,https://interactivewormcyoav6.neocities.org/ChooseWisely/ChooseWisely.html
Pokemon,PixelGMS,SFW,,https://interactivewormcyoav6.neocities.org/Pokemon%20CYOA%20V1.1/Pokemon
RWBY DLC,PixelGMS,SFW,,https://interactivewormcyoav6.neocities.org/DLCRWBY1.1/DLCRWBY.html
Worm V6,PixelGMS,SFW,,https://interactivewormcyoav6.neocities.org/WormCYOAV6.1/Worm.html
Gym Zodiacs,Plankton-1999,NSFW,https://imgchest.com/p/6eyr25nje7p,https://gymzodiacs.neocities.org/
Simple Isekai,Playyer-Kun,SFW,,https://player-kun.neocities.org/simple-isekai/
Grossdom Girlfriend,pm-me-ur-bellybuttn,NSFW,,https://whatamidoinghere.neocities.org/grossdom/
Eliminated,PNG-MAN,NSFW,,https://png-man.neocities.org/Eliminated/
Cartoon Kings,PNG-MAN,NSFW,,https://png-man.neocities.org/Cartoon%20Kings/
Creature Fuckers,PNG-MAN,NSFW,,https://png-man.neocities.org/Creature%20Fuckers!/
Study Buddies,PokefreakofBACON,NSFW,https://monarchbaconator.neocities.org/study/images/canvas.png,https://monarchbaconator.neocities.org/study/
Pokemon Adventure,PokefreakofBACON,NSFW,https://imgur.com/a/9FTSFt4,https://monarchbaconator.neocities.org/pkmn
Goddess of Exhibitionism,PokefreakofBACON,NSFW,https://imgur.com/a/3MnlmOa,https://infaera.neocities.org/cyoa/Goddess%20of%20Exhibitionism/index.html
Your Very Own Futa Wife!,Porlinge,NSFW,,https://yourveryownfutawife.neocities.org/
Galaxy Elixir,Porn-exe,NSFW,https://imgur.com/a/9k7gPuh,https://galaxyelixir.neocities.org/
The Gift: A Self Suck CYOA,pornmagneto,NSFW,,https://pornmagneto.neocities.org/CYOAs/Self%20Suck/
Royal Affairs,Prince_Alex_NSFW,NSFW,,https://princealex.neocities.org/CYOAS/Royal%20Affairs%20CYOA%20update%201/
Escape the Succubus Manor!,Project-CYOA,NSFW,,https://project-cyoa.neocities.org/The%20Manor/
Pokemon: Futa Version,PurpleBanana9000,NSFW,,https://purplebanana.neocities.org/Pokemon_Futa_Version/
Champion Select,PurpleBanana9000,NSFW,,https://purplebanana.neocities.org/Champion_Select/
Slut.tv,PurpleBanana9000,NSFW,,https://purplebanana.neocities.org/Sluttv/
Your Dream Girlfriend,Qeezee,NSFW,https://imgur.com/a/kbZ3e4G,https://thedreamgirlfriend.neocities.org/
Becoming One,Quantencomputer,NSFW,https://imgur.com/a/4M3uTdV,https://quantencomputer.neocities.org/becoming_one/
Lewd Dungeon Apprentice,quantum_d20,NSFW,https://imgur.com/a/MOxGN0y,https://a-thinking-d20.neocities.org/cyoa/index.html
Alternate History,RadicalRoadkill,SFW,,https://radicalroadkill.neocities.org/
Yuuki Yuuna is a Hero,RadioArc,SFW,,https://radioarc.neocities.org/cyoa/YuYuYu/
Fantasy Spouse,Rando-name619,NSFW,,https://eastwestantarctica.neocities.org/FantasySpouse/
Childhood Friend,Rando-name619,NSFW,,https://eastwestantarctica.neocities.org/ChildhoodFriend/
Hollow Knight,random_buttons,SFW,,https://missnami.neocities.org/cyoas/hollowknight/
Futanari Race,randomwander,NSFW,,https://lordcyoa.neocities.org/FutanariRace/
Futanari,randomwander,NSFW,https://imgchest.com/p/a846gmpw7xj,https://cinteractor.neocities.org/cyoa/futanari-cyoa/
Fantasy Traveler,Rare_Year,SFW,,https://ilikecheese.neocities.org/cyoas/FantasyTravels/
Create Your Own Choices,rauff1,NSFW,,https://rrr666.dk/Create%20your%20own%20choices/index.html
Zero to Hero,rauff1,NSFW,https://rrr666.dk/Zero%20to%20Hero/canvas.png,https://rrr666.dk/Zero%20to%20Hero/index.html
Super Slut,rauff1,NSFW,,https://testbob2.neocities.org/SUPER%20SLUT%20HI%20REZ/index.html
My Hero Roommates,rauff1,NSFW,,https://myheroroomates.neocities.org
The Lewd Pill,rauff1,NSFW,,https://thelewdpill.neocities.org/
Devil's Web Shop,rauff1,NSFW,,https://rrr666.dk/Devils%20Web%20Shop/index.html
A Lewdmas Gift,Realistic-Outcome-68,NSFW,https://imgchest.com/p/md7ogbebayp,https://pervertedmindflayer.neocities.org/ALewdmasGift/
The Lustful Norwegain,Realistic-Outcome-68,NSFW,,https://pervertedmindflayer.neocities.org/LustfulNorwegain/
Yuki-Onna,Red-Tail-Fox,SFW,,https://rednightphoenix.neocities.org/CYOAs/Yuki-onna/
Gentle Femdom,reddittheporn,NSFW,,https://gentle-femdom-cyoa.neocities.org/
Futa Slave Owner,reddittheporn,NSFW,,https://futa-slave-owner.neocities.org/
Supervillain,reddittheporn,NSFW,,https://supervillain-cyoa.neocities.org/
TowerGirls Reloaded,RedditTourist813,NSFW,,https://towergirlsreloaded.neocities.org/
Domainer,Remarkable-Anywhere9,SFW,,https://ilikecheese.neocities.org/cyoas/Domainer/
Riordanverse DLC,Remarkable-Anywhere9,SFW,,https://dontknowed.neocities.org/Riordanverse%20DLC/
Infernal Interdimensional Item,Remarkable-Anywhere9,SFW,,https://dontknowed.neocities.org/infenal%20interdimensional%20item
Nanobot Trial Mod,Ridin_Krillhan,NSFW,,https://prototype-for-everything-unholy.neocities.org/
Girl Power is stored in the Panties,Rosanon,,https://imgchest.com/p/a846gmblz7x,https://aearara.neocities.org/GiPoIsInPan_Cyoa/
The Permission Slip,Ruvaakdein,NSFW,,https://ruvvy.neocities.org/CYOAs/permission_slip_interactive/permission_slip_interactive/index.html
Serving Humanity,S3cretSanta1,NSFW,,https://s3cretsanta1.neocities.org/servinghumanity/
Naruto Isekai,Sanity_Line,SFW,,https://sanityline.neocities.org/cyoas/Naruto/
Bloody Heaven,Scarlet-M,SFW,,https://scarlet-m.neocities.org/cyoa/Bloody_Heaven/
Getting Shrunk,ScholarlyIcarus,NSFW,,https://arstheurgiadelta.neocities.org/
Afterglow,Scrappy_Lily,NSFW,,https://scrappyafterglow.neocities.org/
Worm Meme Powers,scruiser,SFW,https://www.reddit.com/r/makeyourchoice/comments/18klqvc/wormmeme_powers/,https://lordcyoa.neocities.org/WormMemePowers/
Legends of Ruin,Sea-Tea-6836,SFW,,https://the-hunted-nsfw-cyoa.neocities.org/SamuraiA/
The Hunted,Sea-Tea-6836,NSFW,,https://the-hunted-nsfw-cyoa.neocities.org/Hunted/
Wishing Well,Senor_PandaMan,NSFW,,https://wishingwellnsfw.neocities.org/
Lyrdan Histories,Shadlith,NSFW,,https://strangesalvation.neocities.org/Lyrdan%20Histories/
Strange Salvation,Shadlith,NSFW,,https://strangesalvation.neocities.org/
Power Rangers,Shanewallis12345,SFW,https://imgur.com/a/24gwNNx,https://shane123.neocities.org/cyoas/PowerRangers/
Halo,Shanewallis12345,SFW,,https://shane123.neocities.org/cyoas/Halo/index.html
Crossdimensional Harem,Shardonically,NSFW,https://imgur.com/a/8CS36Wx,https://shardonic.neocities.org/Crossdimensional/index.html
Fame and Fortune,Sheriden15,NSFW,,https://fame-and-fortune.neocities.org/
Lantern Corps,ShmeegGilbnor,SFW,,https://shmeeggilbnor.neocities.org/cyoas/lantern/
Cupid's Tea House,sir_chungus,NSFW,,https://cupidsteahouse.neocities.org/
Sissy Gym,Slight-Ad-6604,NSFW,,https://hornydeterminist.neocities.org/Sissy%20Gym/
Becoming a Sister,Slight-Ad-6604,NSFW,,https://hornydeterminist.neocities.org/Becoming%20a%20sister/CYOA
Sleep Powers,sockerkaneliste,NSFW,,https://scitlewd.neocities.org/
Team Builder,sol1054311,NSFW,https://imgur.com/a/azbjPns,https://virtualadventureagency.neocities.org/teambuilder/index.html
Magical Girl,someguy_____-_--,NSFW,,https://someguycyoas.neocities.org/CYOAS/Magical-Girl-V2/
Cosplay,someguy_____-_--,NSFW,,https://someguycyoas.neocities.org/CYOAS/Cosplay/
Challenge: Witch's experiments,someguy_____-_--,NSFW,,https://someguycyoas.neocities.org/CYOAS/Challenge%20CYOAS/Witches%20experiments/
Succubus Rainbow,someguy_____-_--,NSFW,,https://someguycyoas.neocities.org/CYOAS/Succubus%20Rainbow/
Forever Home,someguy_____-_--,NSFW,,https://someguycyoas.neocities.org/CYOAS/Forever-home/
God/Goddess of Lewdness,someguy_____-_--,NSFW,,https://someguycyoas.neocities.org/CYOAS/GOL2.0/
Possession,sorry-4-the-b-a-girl,NSFW,https://imgchest.com/p/bp458o88g45,https://yousquare4209.neocities.org/Possession%20CYOA/
Isekai Genie Gallery,SouthernCrossTyrant,SFW,,https://hikiller123.neocities.org/Isekai_Genie_Gallery/index.html
Black New World Order: Reparations,StellaQos,NSFW,,https://stellaqos.neocities.org/cyoa/reparations/
Weapon Waifu,Stellinearized,NSFW,,https://laath.neocities.org/Weapon%20Waifu%20Reimaged/
Hypnoslave,strangefantasyanon,NSFW,,https://shade-of-dreams-hs.neocities.org/
IsekaiPokemonXxx,StravingForNsfwAudio,NSFW,,https://pleasureimp6912.neocities.org/IsekaiPokemonXxx/
WMA Academy,StravingForNsfwAudio,NSFW,,https://pleasureimp6912.neocities.org/WMAcademy/
Recrudescence,stupidityWorks,NSFW,https://imgchest.com/p/wl7lm2rqyx2,https://recrudescence.neocities.org/
Umbrella Lab Experiments,SummerSpeechless,NSFW,,https://summerspeechless.neocities.org/umbrellalabexperiments/
Two-Click T-Virus,SummerSpeechless,NSFW,,https://summerspeechless.neocities.org/twoclicktvirus/
Lewd World of Warcraft Mod,SylenMakesGames,NSFW,,https://herac.neocities.org/WoW_NSFW_CYOA-Expansion/
World of Warcraft Main,SylenMakesGames,NSFW,https://www.reddit.com/r/nsfwcyoa/comments/gzlmrr/warcraft_cyoa_11_occyoa/,https://wowcyoa.neocities.org/en-us/main/
World of Warcraft MainDesign,SylenMakesGames,NSFW,,https://wowcyoa.neocities.org/en-us/design/
Warcraft,SylenMakesGames,NSFW,https://drive.google.com/drive/folders/1daJTTLkhJJeVAg_2IaRyul8zHUFEO7Ln,https://wowcyoa.neocities.org/en-us/
Magical Girl,Symbol,SFW,,https://symball.neocities.org/CYOAs/Magical%20Girl%20CYOA/
Be The Succubus,Tasty-Grade7929,NSFW,,https://tasty-grade7929.neocities.org/CYOAs/BeTheSuccubus/v0.1.5/
Gigachad's Bad End Heroine Rescue Program,TediousExploit,NSFW,,https://sinister.neocities.org/Gigachad/
Avatar Harem,TediousExploit,NSFW,,https://sinister.neocities.org/Avatar/index.html
Harry Potter,TediousExploit,SFW,https://imgur.com/user/53413760,https://sinister.neocities.org/HarryPotter/
Ugly Bastard,TediousExploit,NSFW,,https://sinister.neocities.org/CYOA/
Interdimensional Slave Transit,Tharkun140,NSFW,,https://tharkuncyoas.neocities.org/cyoa/ISTCP/
Arceus' Bedchambers World Building,Thatguywholikesfood,NSFW,,https://thatguywholikesfood.neocities.org/cyoas/%20NewChambers%20CYOA/
Itorian's Interest,Thatguywholikesfood,NSFW,,https://thatguywholikesfood.neocities.org/cyoas/Itorian's%20Interest/index.html
Life as a Bra,The_2nd_Solution,NSFW,,https://the2ndsolution.neocities.org/lifeasabra/
Perverse Parahumans: Worm 2 Lewd Expanded,the_shadowmind,NSFW,,https://shadowbuilder.neocities.org/PerverseParahumans:Worm2Lewd/index.html
A Sleeper's Dream,The1WhatWonders,NSFW,,https://sleepersdream.neocities.org/
Demigod,TheAromage,SFW,https://imgur.com/gallery/FPvKxv9,https://hikiller123.neocities.org/Demigod_CYOA/index.html
Doll Reincarnation,TheBleachDoctor,NSFW,,https://html-classic.itch.zone/html/3479743/index.html
Wanderer,TheBleachDoctor,NSFW,,https://html-classic.itch.zone/html/2533374/index.html
Galactic Union Pleasure Service,TheBleachDoctor,NSFW,,https://html-classic.itch.zone/html/2300247/GUPS%201.1/index.html?v=1591301580
Succubus Employment,TheBleachDoctor,NSFW,,https://html-classic.itch.zone/html/2221699/Succubus%20Employment%201.1/index.html?v=1591301784
Summoned Shifter,TheBleachDoctor,NSFW,,https://html-classic.itch.zone/html/2184260/Summoned%20Shifter%201.0/index.html?v=1591301880
Processing and Rehabilitation Center,TheBleachDoctor,NSFW,,https://html-classic.itch.zone/html/2181820/Processing%20Center%201.3/index.html?v=1591301886
Welcome to YoRHa,TheBleachDoctor,NSFW,https://imgchest.com/p/qe4grw3byj2,https://html-classic.itch.zone/html/2988092/index.html
On the Shoulders of Giants,thegreatpl,SFW,,https://thegreatpl.neocities.org/CYOAs/On%20the%20Shoulders%20of%20Giants/
An Arrangement with a Goddess,themagic-8-ball,NSFW,,https://themagic-8-ball.neocities.org/cyoas/An%20Arrangement%20with%20a%20Goddess/
Project Harahel,TheOneeChanMan,NSFW,,https://infaera.neocities.org/cyoa/TheOneeChanMan/ProjectHarahel0.5/index.html
Your Very Own Blowjob Maid!,thisorthat1234,NSFW,,https://thisorthat-cyoa.neocities.org/cyoa_v2/
The Gyaru Gift,Throwaway64_Knuckles,NSFW,,https://buildagal.neocities.org/
Gift for the Hero,Tim,NSFW,,https://pwq71151.neocities.org/Gifts%20for%20the%20Hero%20Interactive/
Gift for the Hero,Tim,NSFW,,https://aearara.neocities.org/Gift_for_Hero_Cyoa/
Haven Estate,timetofinishthis,NSFW,,https://timetofinishthis.neocities.org/cyoa/
You've Been Cursed,Timevortexx2,NSFW,,https://bigfluffygoldfish.neocities.org/
Bigger Than Ever,Tiny_Wiz,NSFW,,https://temryu.neocities.org/
My School Bully,TokHaar Gol,NSFW,,https://moltencookiz.neocities.org/MySchoolBully-TokHaarGol/
Sex Magic,TokHaar Gol,NSFW,https://www.reddit.com/r/nsfwcyoa/comments/fy2eye/sex_magic_tokhaar_cyoa/,uncannyangel.neocities.org/MagicCYOA/
BLURSED,Tokhaar GOl,NSFW,https://www.reddit.com/r/nsfwcyoa/comments/1ef1n9a/blursed_by_tokhaar_gol_reddit_compliant_a_quick/,https://lordcyoa.neocities.org/BLURSED/
Dungeons & Deviants Redundant Edition,TokHaar Gol,NSFW,,https://png-man.neocities.org/Dungeons%20&%20Deviants/
Messed Up Waifu,Tokhaar Gol,NSFW,,https://valmar.neocities.org/cyoas/messedupwaifu/
Shardkeeper,TokHaar Gol,NSFW,https://imgur.com/a/shardkeeper-by-tokhaar-gol-edited-0FKpxcJ,https://apowocalypse.neocities.org/shardkeeper/
Dragonfall,Tokhaar Gol,SFW,,https://sanityline.neocities.org/cyoas/Dragonfall/index.html
Nemesis,TokHaar Gol,NSFW,,https://sinister.neocities.org/Nemesis/index.html
Dungeons and Deviants Remastered + DLCs,TokHaar Gol,NSFW,https://imgchest.com/p/v5xy2er9yld,https://godling-of-aliot.neocities.org/Dungeons_and_Deviants_Remastered/
Princess,TokHaar Gol,NSFW,,https://tokhaarprincesscyoa.neocities.org/
World of Whorecraft,TokHaar Gol,NSFW,,https://casablanc.neocities.org/tokhaargol-world-of-whorecraft/index.html
Void Maidens,TokHaar Gol,NSFW,https://imgchest.com/p/qb4zwbp54jm,https://voidmaide.neocities.org
Mindslaver,TokHaar Gol,NSFW,https://i.redd.it/8o7pzf277i431.jpg,https://godling-of-aliot.neocities.org/Mindslaver/
Mindslaver,Tokhaar Gol,NSFW,,https://condarbi.neocities.org/
Dibella Corp,TokHaar Gol,NSFW,https://imgchest.com/p/ljyq8bany25,https://dibellacorp.neocities.org/
Super Prison,TokHaar Gol,NSFW,https://imgchest.com/p/lqyeqrlmydn,https://crusader2113.neocities.org/Super%20Prison/index.html
Willing Isekai'd Slave,TraditionSerious6467,NSFW,,https://deformedbuffalo.neocities.org/
Your Party's Master,TraditionSerious6467,NSFW,,https://deformedbuffalo.neocities.org/YourParty'sMaster/
Risk and Reward,TrainYuri,NSFW,https://www.imgchest.com/p/vj4jva8248m,https://trainyuri.neocities.org/CYOAs/RiskReward/
Object Emporium,tranquil5,NSFW,,https://tranquilalunala.neocities.org/
Spider Totem,Travelerwho_reddit,SFW,,https://travelerwho.neocities.org/CYOAs/Spider%20verse%20CYOA/
Toaru,Travelerwho_reddit,SFW,,https://travelerwho.neocities.org/CYOAs/Toaru%20CYOA%20.2/
A New Life in Equestria,Traveller-81,SFW,,https://travellers-cyoas.neocities.org/MLP/
Mystic Martial Arts,Traveller-81,SFW,,https://travellers-cyoas.neocities.org/Mystic-Martial-Arts/
Power Armor,Traveller-81,SFW,,https://travellers-cyoas.neocities.org/Power-Armor/
Superpowered Journey,Traveller-81,SFW,,https://travellers-cyoas.neocities.org/Universal-Superhero/
Cultivation,Traveller-81,SFW,,https://travellers-cyoas.neocities.org/Cultivation/
A Woman’s World,TrueScholarOfTheArts,NSFW,,https://truescholarofthearts.neocities.org/a-womans-world/
Mirra Photo App,TryptophanDealer,NSFW,,https://tryptophandealer.github.io/PhoneApp/phoneApp.html
Dragon Ball Requiem,tsuntsunderevitamin,SFW,,https://dragonballrequiem.neocities.org/CYOA/
Dragon Ball Requiem Mod,tsuntsunderevitamin,SFW,,https://repnir.neocities.org/dragonballwishmod/index.html
Black Clover,tsuntsunderevitamin,SFW,,https://blackcloveradvent.neocities.org/CYOA/
Bleach (Multicross),tsuntsunderevitamin,SFW,,https://ving.neocities.org/CYOA/
Blessing of the Creation Demon God,Tyche_Dievas,NSFW,,https://dragonswhore-cyoas.neocities.org/demon-god_of_world_creation_En/
Choose 6: Magic Edition,u/MotorSound6852,SFW,,https://kai-moon.neocities.org/CYOAs/Choose%206:%20Magic%20Edition%202.0/
Daily Dice,u/MotorSound6852,NSFW,,https://kai-moon.neocities.org/CYOAs/Daily%20Dice%201.1/
Daily Dice Adventures,u/MotorSound6852,SFW,,https://kai-moon.neocities.org/CYOAs/Daily%20Dice%20Adventures%201.0/
"Yandere Stalker, a story",UnboundedShadow99,NSFW,,https://yandere-stalker.neocities.org/
Magical Revival,Uncanny_Angel,NSFW,,https://uncannyangel.neocities.org/Magic2CYOA/
1/Month 4/Day,UpvoteTheJuicyJuice,NSFW,https://imgur.com/a/xNa5AN9,https://1month4day.neocities.org/
Taur-Girl,Valamome,NSFW,https://imgchest.com/p/md7oezpr4p6,https://valamome.neocities.org/taur_girl
Caster Girl,Valamome,NSFW,https://imgchest.com/p/dl7pkgppyox,https://valamome.neocities.org/caster_girl
Fantasy Girl,Valamome,NSFW,https://imgchest.com/p/agyvvzpjy89,https://valamome.neocities.org/fantasy_girl/
Vore Girl,Valamome,NSFW,https://imgchest.com/p/wl7l3zlp7x2,https://valamome.neocities.org/vore_girl/
Tentacle Girl,Valamome,NSFW,https://imgur.com/a/sejza5X,https://valamome.neocities.org/tentacle_girl/
How would you like a Magical Realm?,Varymicus ,SFW,,
Preggomancy,Verite-shadow,NSFW,https://drive.google.com/file/d/18NMnYOHuOi7YGzrKX9pRpjrQZLm1zP3l/view,https://lordcyoa.neocities.org/Preggomancy/
The Humiliated Foot Worshipper,VioletWinters,NSFW,,https://webfluffy.neocities.org/FootWorshipper
Desperation,Vivian34,NSFW,,https://mimibleck.neocities.org/cyoas/desperation/
Go Fuck Yourself,Vivian34,NSFW,,https://mimibleck.neocities.org/cyoas/effyourself/
Corrupting Shantae,Vivian34,NSFW,,https://mimibleck.neocities.org/cyoas/shantae/
The Shortstack Sign-Up,Vivian34,NSFW,,https://mimibleck.neocities.org/cyoas/shortstacksfull/
Interdimensional Human Trafficking,Vladimir_W,NSFW,https://imgchest.com/p/9249we8vynk,https://vladimirw.neocities.org/Interdimensional%20Human%20Trafficking%20V2/
Personal Revenge,Wackinator (u/Due-Entrepreneur-362),NSFW,https://imgchest.com/p/9ryd53qew4k,https://personalrevenge.neocities.org/Game/index.html
Dragonfall,Wahaha303,NSFW,,https://hikawasisters.neocities.org/Dragonfall/en-us/
Time-Stop Chill Zone Redux,Warwizard12,SFW,https://i.imgur.com/tTAsfUV.jpg,https://moreinteractivecyoas.neocities.org/cyoas/timestopchill/
The Queen's New Pet,weakAmphibian00,NSFW,,https://newroadcyoa.neocities.org/Queen's%20Pet/
MILF Hunter,whiskeyanon,NSFW,,https://milfhuntercyoa.neocities.org/
Dragon Dance,whiskeyanon,NSFW,,https://dragondancecyoa.neocities.org/
Lewd Silicon Sexbot,whiskeyanon,NSFW,,https://lewd-silicon-sexbot-cyoa.neocities.org/
Weird Waifu/Horrific Husbando,whiskeyanon,NSFW,,https://weird-waifu-horrific-husbando.neocities.org/
The Game?,WhyDidIAskThis,NSFW,,https://sreym-sallad.neocities.org/The%20Gamer%20System/Gamer%20System/
Dragon,wille179,NSFW,,https://wille179.neocities.org/dragon_cyoa/
Naruto - Harem of the Strong,windshadow21,NSFW,,https://naruto-hots-interactive.neocities.org/
LoveLock Initiative,WintersCuck,NSFW,,https://maidenspeak.neocities.org/LoveLock/index.html
Maiden's Peak,WintersCuck,NSFW,,https://maidenspeak.neocities.org/Maidenspeak2/index.html
Sorority Chastity Challenge,Wolfwaffle,NSFW,,https://webfluffy.neocities.org/SororityChastityGameOriginal
Sorority Chastity Challenge,Wolfwaffle,NSFW,,https://webfluffy.neocities.org/SororityChastityGameV2
God Spells,wugewoz,SFW,https://imgchest.com/p/lqye6p9q4dn,https://fableoftheunspokenword.neocities.org/cyoaGodSpells/
The Compact,xNameManx,NSFW,,https://xnamemanx.neocities.org/thecompact/
Dragonrule,xNameManx,NSFW,,https://xnamemanx.neocities.org/dragonrule/
Lewd Magical Academy,xNameManx,NSFW,https://imgchest.com/p/qb4z3kpv7jm,https://xnamemanx.neocities.org/
Incubus Island,xXdarkangel118Xx,NSFW,,https://shoujo-cyoa.neocities.org/Incubus%20Island/
Birthing a Generation,xXdarkangel118Xx,NSFW,,https://shoujo-cyoa.neocities.org/Birthing%20a%20Generation/
A Lovesick Wish,xXdarkangel118Xx,NSFW,https://imgur.com/a/Cj7bQVf,https://shoujo-cyoa.neocities.org/A%20Lovesick%20Wish%20(OG)/index.html
Otome Isekai,xXdarkangel118Xx,SFW,,https://shoujo-cyoa.neocities.org/OI%20CYOA%20V2/index.html
Yandere Waifu,Yanderecon,NSFW,https://drive.google.com/drive/folders/19vqzgY7IbklQRHqe5RyPbge078Y92OPZ?usp=sharing,https://aearara.neocities.org/YanYanWai_Cyoa/
Divine Partnership,YoaChoice,NSFW,,https://godling-of-aliot.neocities.org/Divine_Partnership
Glacto Intergalactic Scratch and Sniff Lotto Cards,youbetterworkxxx,NSFW,,https://youbetterwork.neocities.org/cyoas/Glacto%208/index.html
Jujutsu Kaisen,ZekeBarricades,SFW,,https://syladinthedragon.neocities.org/jujutsu%20kaisen/
Pokerus Evolved,Zomgrul,NSFW,,https://draketech.neocities.org/pokerus/
The Town's Bitch,,NSFW,,https://serpensocculis.neocities.org/Viewer/
Vampire Killer,,SFW,,https://fableoftheunspokenword.neocities.org/VampireKiller/
Keeper's Dubious Soup,,NSFW,,https://sylvysdev.neocities.org/MBCYOAV3/
Lewd Not-Worm Mod Isekai WIP,,NSFW,,https://name0930.neocities.org/LewdIsekaiWIP/
Sealing Succubi,,NSFW,https://www.reddit.com/media?url=https%3A%2F%2Fi.redd.it%2Ftutddxl81ede1.png,https://shimimi.neocities.org/cyoa/Sealing_Succubi/
Swords and Sorcery and Smut,,NSFW,https://www.reddit.com/r/nsfwcyoa/comments/1edu5lc/swords_and_sorcery_and_smut_by_unknown_repost/,https://aearara.neocities.org/SwordsSorcerySmut_Cyoa/
Getting in with the Girls,,SFW,https://imgchest.com/p/qb4zwpja54j,https://aearara.neocities.org/GettingInWithTheGirls_Cyoa/
Mech Handler,,NSFW,,https://evilwumpus.neocities.org/cyoas/mech_handler_v2/
Jujutsu Kaisen ,,SFW,,https://ghoulishghost.neocities.org/
Sissy Malfunctions,,NSFW,,https://boop-soop.neocities.org/CYOAS/Sissy_Malfunctions/
The Lady's Very Own,,SFW,https://imgchest.com/p/dne7bzvv753,https://chaosdigger656.neocities.org/lady/
An Eldritch Bloodline Conversion,,NSFW,,https://laath.neocities.org/An%20Eldritch%20Bloodline%20Interactive%20Conversion/
An Eldritch Bloodline Mod,,NSFW,,https://laath.neocities.org/An%20Eldritch%20Bloodline%20Mod/
Goddess Past Life,,NSFW,https://imgchest.com/p/md7oxe8b27p,https://lordcyoa.neocities.org/GoddessPastLife/
An Eldritch Bloodline,,SFW,,https://fableoftheunspokenword.neocities.org/eldritch_bloodline/
Lewd Cow Trainer,,NSFW,https://www.reddit.com/r/nsfwcyoa/comments/5w1v1s/lewd_cow_trainer_cyoa/,https://lordcyoa.neocities.org/LewdCowTrainerCYOA/
Yandere,,NSFW,,https://webfluffy.neocities.org/Yandere
Worm Eclipse Edition,,SFW,https://imgchest.com/p/na7kwgn378d,https://lordcyoa.neocities.org/Worm%20Eclipse%20Edition/
Worm v1,,SFW,,https://lordcyoa.neocities.org/Worm_v1_CYOA/
Femdom v2,,NSFW,https://imgchest.com/p/a846ar5v7xj,https://lordcyoa.neocities.org/Femdomv2/
Caverns of Corruption,,NSFW,,https://lordcyoa.neocities.org/Caverns%20Of%20Corruption/
Worm v4 Rogue Expansion,,SFW,https://imgchest.com/p/agyvegjb489,https://lordcyoa.neocities.org/WORMV4_Rogue/
Worm V1 Mod,,SFW,,https://graev.neocities.org/cyoa/Worm%20CYOA%20V1/Mod/
Not Your Isekai,,NSFW,,https://notyourisekai.neocities.org/
The Witches' Vengeance,,NSFW,,https://peeled-grapes.neocities.org/witches/
Halo,,SFW,,https://infaera.neocities.org/cyoa/Halo/
Overpowered Isekai Mod,,SFW,,https://infaera.neocities.org/cyoa/OverpoweredIsekaiMod/
Lt Ouroumov's Worm,,NSFW,,https://cyoa.ltouroumov.ch/viewer/
Custom Egg Creator,,NSFW,,https://dreamgangbang.neocities.org/CYOAs/Eggs/
Custom Participant Creator,,NSFW,,https://dreamgangbang.neocities.org/CYOAs/Custom/
Marathon Mode,,NSFW,,https://dreamgangbang.neocities.org/CYOAs/Marathon/
So you want to be a vampire,,SFW,,https://fableoftheunspokenword.neocities.org/vamp/
Head Start Meta Mod,,NSFW,,https://infaera.neocities.org/cyoa/HeadStartMetaMod/
Worm Alternative,,SFW,,https://eldritcheater.neocities.org/Worm%20Alternative/
Worm v5 Gimel Edition Mod,,SFW,,https://sleepingsleeper.neocities.org/
DUCK - A Worm Mod,,SFW,,https://humanreader.neocities.org/CYOA/DUCK/
Magical Girl Team Builder,,SFW,,https://radioarc.neocities.org/cyoa/Magical%20Girl%20Team%20Builder/
Verse Crossing,,SFW,,https://lordcyoa.neocities.org/VerseCrossingV1/
Yu-Gi-Oh,,SFW,,https://shane123.neocities.org/cyoas/Yu-Gi-Oh/
The Facility,,SFW,,https://powersanon.neocities.org/The_Facility/
Arcane Abode,,SFW,,https://angelicimp.neocities.org/ArcaneHouseCYOA_Viewer%201.8/Viewer%201.8/
Rise to Power,,Choice,,https://risetopowercyoa.neocities.org/
Undead,,SFW,,https://kenyte.neocities.org/Undead/
Lewd Alchemy,,NSFW,,https://sinister.neocities.org/LewdAlchemy/
The Strange Orb,,SFW,,https://thestrangeorb.neocities.org/
The Pathfinder,,NSFW,,https://cyoamoar.neocities.org/PFCyoa/
Omnitrix Crossover,,SFW,,https://travelerwho.neocities.org/CYOAs/Omnitrix%20CYOA%201.45/
One Piece Mod,,Choice,,https://laath.neocities.org/One%20Piece%20Mod/
D.VA's Inhibition Machine,,NSFW,,https://boop-soop.neocities.org/CYOAS/Dvas_Inhibition_Machine/
Superpowered Amalgam mod,,SFW,,https://jandragon152002cyoas.neocities.org/
Knight of Bretonia,,SFW,,https://romeo5215.neocities.org/CYOA%20BRETTONIA/
Clowning Around,,NSFW,broken link,https://breadcyoa.neocities.org/Clowning%20Around/
Torture in Worm,,SFW,,https://drallall.neocities.org/CYOA/Torture%20In%20Worm%20V1.4/
Owl House,,SFW,,https://reincarnate-cyoa.neocities.org/
Dragon Ball Wish Mod,,NSFW,,https://repnir.neocities.org/intdrunkdragonballwish/
Jojo's Bizarre Adventure,,SFW,,https://bookwormer.neocities.org/cyoas/JJBA/
ASOIAF - Game of Thrones,,SFW,,https://thea-riddle.github.io/asoiaf-game-of-thrones/
Hamefura,,NSFW,,https://heterosexualfemboy.neocities.org/CYOAs/HamefuraCYOA/v0.5.3.1/
Fixing God's Fuckups,,NSFW,,https://kronos998.neocities.org/Fixing_God's_Fuckups/
Cunnilingus,,NSFW,,https://someonesadventure.neocities.org/CYOA/Lick/
Maid Mansion - Mansion Creator (Clean),,SFW,,https://maid-mansion.neocities.org/CYOAs/MM/
FGO - Create Your Own Lostbelt,,SFW,,https://particle9.github.io/cyoa/lostbelt_cyoa/
HighSchool DxD,,SFW,,https://sturdybruh.neocities.org/CYOA/HighschoolDxD_V0.1/
Worm V6,,SFW,,https://travellers-cyoas.neocities.org/Worm/
Seduction at Silver City,,NSFW,,https://sinister.neocities.org/Silver%20City/
CYOA Starter Template,,SFW,,https://valmar.neocities.org/cyoas/template/
Slutty,,NSFW,,https://purplebanana.neocities.org/Slutty/
Being a Lewd Ninja Girl is Surprisingly Hard Work,,NSFW,https://imgchest.com/p/ljyqqqeey25,https://kronos998.neocities.org/Being_a_Lewd_Ninja-Girl_is_Surprisingly_Hard_Work!/
City of Deviants,,NSFW,,https://schrade.neocities.org/cyoas/City%20of%20Deviants/
Heart of Yin and Yang,,NSFW,,https://ladycabal.neocities.org/CYOAs/HeartOfYinAndYangV2/
Riordanverse,,SFW,,https://dontknowed.neocities.org/Riordanverse%20CYOA/
Center of Attention,,NSFW,,https://infaera.neocities.org/cyoa/CenterOfAttention/
Goddess of Lewdness Realm,,NSFW,,https://someguycyoas.neocities.org/CYOAS/GOL%20REALM/
Star Dust,,SFW,,https://swcyoas.neocities.org/stardust/index.html
Pioneer,,SFW,,https://pioneerengcyoa.neocities.org/
Harry Potter Lewd,,NSFW,,https://caspercat.neocities.org/HP%20cyoa%20v0.8%20(I%20hate%20my%20life%20edition)/index.html
RWBY JumpChain,,SFW,,https://kondor9543.neocities.org/rwby/index.html
Purviews of the Demigod,,SFW,,https://critiancaceorte.neocities.org/cyoas/PurviewCYOA/index.html
Undertale,,SFW,,https://thatguywholikesfood.neocities.org/cyoas/Undertale%20CYOA/index.html
Pocket Dimension,,SFW,,https://plateglassarmour.github.io/Pocket-Dimension-CYOA/
Philosophy Cultivation,,SFW,,https://evericent.neocities.org/CYOAs/Philosophical%20Cultivation/index.html
Customization Meta,,SFW,,https://infaera.neocities.org/cyoa/CustomizationMeta/index.html
Customization Meta Remade,,SFW,,https://infaera.neocities.org/cyoa/CustomizationMetaRemade/index.html
Harry Potter JumpChain,,SFW,,https://infaera.neocities.org/cyoa/HarryPotterJC/index.html
Overpowered Isekai,,SFW,,https://infaera.neocities.org/cyoa/OverpoweredIsekai/index.html
Psi v1.8,,SFW,,https://infaera.neocities.org/cyoa/Unknown/Psi1.8/index.html
The Conversion Factor,,SFW,,https://infaera.neocities.org/cyoa/Unknown/TheConversionFactor/index.html
Child of Darkon,,NSFW,,https://strangesalvation.neocities.org/Child%20of%20Darkon/Child%20of%20Darkon.html
Happening Survival,,SFW,,https://canticyoa.neocities.org/
Horror Monster,,SFW,,https://interactivenarutocyoa.neocities.org/Interactive%20Horror%20Monster%20CYOA/
Strange Salvation,,NSFW,,https://strangesalvation.neocities.org/Viewer%201.8/StrangeSalvationCYOA.html
Cauldron of Monsters Extended,,SFW,,https://nehemacyoas.neocities.org/CauldronOfMonsters/
The Interplanar Mercantile Alliance,,SFW,,https://emizaquel.com/projects/cyoa/tima/
Worm v6 Brigade Mod,,SFW,,https://brigadesinteractivewormcyoav6.neocities.org/WormCYOAV6.html
Galaxy Elixir,,NSFW,,https://rrr666.dk/GalaxyElixir/index.html
Learn to Love Yourself,,NSFW,,https://laithlin.neocities.org/LoveYourselfCyoa/index.html
Magic Academia,,NSFW,,https://rrr666.dk/Magic%20Academia%201.4/index.html
Mushoku Tensei,,SFW,,https://chuchurrumin.neocities.org/mushoku%20tensei%20cyoa%202.1/
So You Wanna Rule the Galaxy Be a Star Wars Warlord,,SFW,,https://swcyoas.neocities.org/soyouwannarulethegalaxy/index.html
Solitude,,SFW,,https://moreinteractivecyoas.neocities.org/cyoas/solitude/index.html
Space Dungeon,,NSFW,,https://thawhiri.neocities.org/
Surprise! You're a Superheroine!,,NSFW,,https://surprise-you-are-a-superheroine.neocities.org/
Tentacle Pet Alt,,NSFW,,https://rrr666.dk/Tentacle%20Pet/index.html
War Among the Stars,,SFW,,https://chabje1.neocities.org/waramongthestars.html
Warcraft,,NSFW,,https://warcraftcyoa.neocities.org/
Collaborative Meta,,SFW,,https://gmcyoamaker.neocities.org/
"Another World Isekai - My Mass-Crossover Life is Strange, As Expected",,SFW,,https://interactivewormcyoav6.neocities.org/Mass%20Crossover%20Isekai%20CYOA%20V1.0/Mass%20Crossover%20Isekai.html
Clock Keeper,,SFW,,https://hikiller123.neocities.org/Clock_Keeper_CYOA/index.html
Dark One's Gift,,SFW,,https://hikiller123.neocities.org/Dark_One's_Gift/index.html
FullMetal Alchemist,,SFW,,https://rednightphoenix.neocities.org/CYOAs/FMA/index.html
Harry Potter Multicross,,SFW,,https://graev.neocities.org/cyoa/HarryPotterMulticross/index.html
Life on the Rim,,SFW,,https://worldofhurt.neocities.org/
Magic Education - The Summoner,,SFW,,https://hikiller123.neocities.org/The_Summoner_CYOA/index.html
Magical Girl,,SFW,,https://failinginstyle.neocities.org/cyoas/magicalGirl
Mother of Learning,,SFW,,https://evericent.neocities.org/CYOAs/Mother%20of%20Learning/1.1/index.html
Mystic Martial Arts,,SFW,,https://goodworld.neocities.org/Adapted_CYOA/Mystic_MartialArts/index.html
Nameless,,Choice,,https://maledictis.neocities.org/cyoa/
Occult,,SFW,,https://newoccult.neocities.org/
Phantom 9,,SFW,,https://theseneschal.neocities.org/
Pokemon Isekai v0.6,,SFW,,https://wildcardfool.neocities.org/
Portal Traveller,,SFW,,https://moreinteractivecyoas.neocities.org/cyoas/portal_traveller
Possession,,NSFW,,https://possession-cyoa.neocities.org/
Power Creator Xenon,,SFW,,https://hikiller123.neocities.org/Power_Creator_Xenon/index.html
RWBY Mod DLC,,SFW,,https://wormlewdmod.neocities.org/rwby/dlc/index.html
Soul Land,,SFW,,https://evericent.neocities.org/CYOAs/Soul%20Land/1.1/index.html
Succubus yoshikokitsune,,NSFW,,https://yoshikokitsune.neocities.org/
Super Slut,,NSFW,,https://superslut.neocities.org/
Super Slut Alt,,NSFW,,https://testbob2.neocities.org/SUPER%20SLUT/index.html
Ultimate God Redux,,SFW,,https://pasadena.neocities.org/cyoas/ultimate_god_redux/120/
Welcome to X-Change Island,,NSFW,,https://monkeyboi410.neocities.org/CYOA/X-Change%20Island/
World Fusion,,SFW,,https://radioarc.neocities.org/cyoa/World%20Fusion/index.html
World of Warcraft - Travellers,,SFW,,https://travellers-cyoas.neocities.org/Warcraft/index.html
Worm V3,,SFW,,https://pasadena.neocities.org/cyoas/worm/v3/latest/